time,user,result,city,device
2025-07-01T01:58:13Z,Clara,success,New York,93.184.216.40
2025-07-01T03:18:13Z,Adam,success,Paris,93.184.216.50
2025-07-01T03:46:51Z,Clara,success,New York,93.184.216.40
2025-07-01T06:02:12Z,David,success,Berlin,93.184.216.20
2025-07-01T09:06:52Z,Adam,success,Paris,93.184.216.50
2025-07-01T10:51:11Z,Ben,success,Vienna,93.184.216.10
2025-07-01T11:49:36Z,Adam,success,Paris,93.184.216.50
2025-07-01T13:19:24Z,Adam,success,Paris,93.184.216.50
2025-07-01T14:44:26Z,Eva,success,London,93.184.216.30
2025-07-01T16:12:59Z,Clara,success,New York,93.184.216.40
2025-07-01T17:52:52Z,Clara,success,New York,93.184.216.40
2025-07-01T18:53:51Z,David,success,Berlin,93.184.216.20
2025-07-01T22:08:28Z,Ben,success,Vienna,93.184.216.10
2025-07-01T22:34:59Z,Clara,success,New York,93.184.216.40
2025-07-02T01:33:41Z,Eva,success,London,93.184.216.30
2025-07-02T03:00:08Z,Clara,success,New York,93.184.216.40
2025-07-02T05:08:22Z,Ben,success,Vienna,93.184.216.10
2025-07-02T05:09:20Z,Clara,success,New York,93.184.216.40
2025-07-02T06:08:05Z,Eva,success,London,93.184.216.30
2025-07-02T06:11:28Z,Ben,success,Vienna,93.184.216.10
2025-07-02T06:35:16Z,Adam,success,Paris,93.184.216.50
2025-07-02T09:43:58Z,Eva,success,London,93.184.216.30
2025-07-02T10:42:58Z,Ben,success,Vienna,93.184.216.10
2025-07-02T12:46:56Z,David,success,Berlin,93.184.216.20
2025-07-02T13:32:09Z,Ben,success,Vienna,93.184.216.10
2025-07-02T13:43:53Z,Adam,success,Paris,93.184.216.50
2025-07-02T14:01:41Z,Eva,success,London,93.184.216.30
2025-07-02T19:05:21Z,Clara,success,New York,93.184.216.40
2025-07-02T19:48:56Z,Clara,fail,New York,93.184.216.40
2025-07-02T19:58:44Z,Adam,success,Paris,93.184.216.50
2025-07-02T23:59:41Z,Adam,success,Paris,93.184.216.50
2025-07-03T02:31:26Z,Adam,success,Paris,93.184.216.50
2025-07-03T02:51:10Z,Clara,success,New York,93.184.216.40
2025-07-03T02:54:19Z,Clara,success,New York,93.184.216.40
2025-07-03T04:54:54Z,Eva,success,London,93.184.216.30
2025-07-03T05:01:46Z,Eva,success,London,93.184.216.30
2025-07-03T10:53:01Z,Ben,success,Vienna,93.184.216.10
2025-07-03T10:57:33Z,Ben,success,Vienna,93.184.216.10
2025-07-03T12:02:40Z,David,success,Berlin,93.184.216.20
2025-07-03T15:49:32Z,Adam,fail,Paris,93.184.216.50
2025-07-03T22:32:45Z,Eva,success,London,93.184.216.30
2025-07-03T22:37:07Z,Ben,success,Vienna,93.184.216.10
2025-07-03T22:52:00Z,Ben,success,Vienna,93.184.216.10
2025-07-03T23:57:12Z,Ben,success,Vienna,93.184.216.10
2025-07-04T02:00:54Z,Adam,success,Paris,93.184.216.50
2025-07-04T04:36:07Z,Ben,success,Vienna,93.184.216.10
2025-07-04T04:47:34Z,Eva,success,London,93.184.216.30
2025-07-04T06:12:57Z,Clara,success,New York,93.184.216.40
2025-07-04T08:20:25Z,Eva,success,London,93.184.216.30
2025-07-04T10:42:46Z,Ben,success,Vienna,93.184.216.10
2025-07-04T11:58:26Z,Eva,success,London,93.184.216.30
2025-07-04T14:26:18Z,Adam,success,Paris,93.184.216.50
2025-07-04T15:10:52Z,David,success,Berlin,93.184.216.20
2025-07-04T15:25:45Z,Ben,success,Vienna,93.184.216.10
2025-07-04T16:32:32Z,David,success,Berlin,93.184.216.20
2025-07-04T17:23:53Z,Eva,success,London,93.184.216.30
2025-07-04T18:59:46Z,Eva,success,London,93.184.216.30
2025-07-04T19:48:31Z,Clara,success,New York,93.184.216.40
2025-07-04T19:57:23Z,Clara,success,New York,93.184.216.40
2025-07-04T21:17:13Z,Ben,success,Vienna,93.184.216.10
2025-07-04T21:20:11Z,Adam,success,Paris,93.184.216.50
2025-07-04T21:43:17Z,Clara,success,New York,93.184.216.40
2025-07-04T22:37:53Z,Ben,fail,Vienna,93.184.216.10
2025-07-05T01:48:21Z,Ben,success,Vienna,93.184.216.10
2025-07-05T02:58:55Z,Adam,success,Paris,93.184.216.50
2025-07-05T03:44:46Z,David,success,Berlin,93.184.216.20
2025-07-05T05:03:24Z,Eva,success,London,93.184.216.30
2025-07-05T05:17:27Z,Adam,success,Paris,93.184.216.50
2025-07-05T06:17:01Z,Clara,success,New York,93.184.216.40
2025-07-05T06:40:43Z,Eva,success,London,93.184.216.30
2025-07-05T09:00:46Z,David,success,Berlin,93.184.216.20
2025-07-05T10:48:26Z,Clara,success,New York,93.184.216.40
2025-07-05T10:51:14Z,Clara,success,New York,93.184.216.40
2025-07-05T10:54:19Z,Ben,success,Vienna,93.184.216.10
2025-07-05T11:32:07Z,Ben,success,Vienna,93.184.216.10
2025-07-05T11:43:42Z,Eva,success,London,93.184.216.30
2025-07-05T12:03:24Z,Ben,success,Vienna,93.184.216.10
2025-07-05T12:37:15Z,Ben,success,Vienna,93.184.216.10
2025-07-05T12:48:14Z,Eva,success,London,93.184.216.30
2025-07-05T12:52:50Z,Adam,success,Paris,93.184.216.50
2025-07-05T16:55:57Z,Ben,success,Vienna,93.184.216.10
2025-07-05T17:14:12Z,Ben,success,Vienna,93.184.216.10
2025-07-05T18:04:18Z,Adam,fail,Paris,93.184.216.50
2025-07-05T19:45:23Z,Eva,success,London,93.184.216.30
2025-07-05T20:10:21Z,Clara,success,New York,93.184.216.40
2025-07-05T20:29:11Z,Adam,success,Paris,93.184.216.50
2025-07-05T20:44:20Z,Ben,success,Vienna,93.184.216.10
2025-07-05T21:08:35Z,Clara,success,New York,93.184.216.40
2025-07-05T22:43:25Z,David,success,Berlin,93.184.216.20
2025-07-05T23:31:23Z,Clara,success,New York,93.184.216.40
2025-07-06T02:57:42Z,Clara,success,New York,93.184.216.40
2025-07-06T04:15:36Z,Clara,success,New York,93.184.216.40
2025-07-06T05:56:39Z,Eva,success,London,93.184.216.30
2025-07-06T06:13:56Z,Eva,success,London,93.184.216.30
2025-07-06T12:55:16Z,Clara,success,New York,93.184.216.40
2025-07-06T14:29:02Z,Eva,success,London,93.184.216.30
2025-07-06T14:44:13Z,Adam,success,Paris,93.184.216.50
2025-07-06T15:56:14Z,Clara,success,New York,93.184.216.40
2025-07-06T17:12:05Z,Adam,success,Paris,93.184.216.50
2025-07-06T18:00:21Z,David,success,Berlin,93.184.216.20
2025-07-06T18:13:03Z,Eva,success,London,93.184.216.30
2025-07-06T19:17:28Z,Eva,success,London,93.184.216.30
2025-07-06T19:47:30Z,Eva,fail,London,93.184.216.30
2025-07-06T20:34:27Z,David,success,Berlin,93.184.216.20
2025-07-06T20:58:48Z,Clara,success,New York,93.184.216.40
2025-07-06T21:23:51Z,David,success,Berlin,93.184.216.20
2025-07-06T21:28:17Z,Clara,fail,New York,93.184.216.40
2025-07-07T01:01:26Z,Eva,success,London,93.184.216.30
2025-07-07T03:04:07Z,Ben,success,Vienna,93.184.216.10
2025-07-07T04:18:03Z,Adam,success,Paris,93.184.216.50
2025-07-07T04:29:05Z,Clara,fail,New York,93.184.216.40
2025-07-07T06:14:22Z,Clara,success,New York,93.184.216.40
2025-07-07T07:11:39Z,Adam,success,Paris,93.184.216.50
2025-07-07T08:40:59Z,Adam,success,Paris,93.184.216.50
2025-07-07T09:33:42Z,Ben,fail,Vienna,93.184.216.10
2025-07-07T09:58:38Z,David,success,Berlin,93.184.216.20
2025-07-07T10:56:39Z,Adam,success,Paris,93.184.216.50
2025-07-07T11:21:04Z,Clara,success,New York,93.184.216.40
2025-07-07T11:26:00Z,Eva,fail,London,93.184.216.30
2025-07-07T12:13:45Z,Adam,success,Paris,93.184.216.50
2025-07-07T15:39:32Z,Ben,success,Vienna,93.184.216.10
2025-07-07T17:14:45Z,Adam,success,Paris,93.184.216.50
2025-07-07T19:16:11Z,Ben,success,Vienna,93.184.216.10
2025-07-07T19:19:27Z,Clara,success,New York,93.184.216.40
2025-07-07T19:59:37Z,Ben,success,Vienna,93.184.216.10
2025-07-07T22:27:26Z,Clara,success,New York,93.184.216.40
2025-07-07T23:23:10Z,Adam,success,Paris,93.184.216.50
2025-07-08T03:40:47Z,David,fail,Berlin,93.184.216.20
2025-07-08T04:10:16Z,Clara,success,New York,93.184.216.40
2025-07-08T04:49:17Z,Adam,success,Paris,93.184.216.50
2025-07-08T07:43:49Z,David,success,Berlin,93.184.216.20
2025-07-08T07:52:41Z,Eva,success,London,93.184.216.30
2025-07-08T08:46:29Z,Ben,success,Vienna,93.184.216.10
2025-07-08T09:32:17Z,Adam,success,Paris,93.184.216.50
2025-07-08T12:31:27Z,David,success,Berlin,93.184.216.20
2025-07-08T13:06:35Z,Adam,success,Paris,93.184.216.50
2025-07-08T14:22:25Z,Ben,fail,Vienna,93.184.216.10
2025-07-08T15:23:42Z,Eva,success,London,93.184.216.30
2025-07-08T15:23:44Z,David,success,Berlin,93.184.216.20
2025-07-08T15:25:20Z,Adam,fail,Paris,93.184.216.50
2025-07-08T16:10:37Z,Ben,success,Vienna,93.184.216.10
2025-07-08T21:01:54Z,David,success,Berlin,93.184.216.20
2025-07-08T21:19:10Z,Eva,success,London,93.184.216.30
2025-07-08T21:30:20Z,Eva,success,London,93.184.216.30
2025-07-08T23:48:58Z,Ben,success,Vienna,93.184.216.10
2025-07-09T01:18:50Z,Ben,success,Vienna,93.184.216.10
2025-07-09T01:45:59Z,David,success,Berlin,93.184.216.20
2025-07-09T02:09:18Z,Clara,success,New York,93.184.216.40
2025-07-09T03:29:18Z,Eva,success,London,93.184.216.30
2025-07-09T06:02:43Z,David,success,Berlin,93.184.216.20
2025-07-09T07:27:47Z,David,success,Berlin,93.184.216.20
2025-07-09T12:27:59Z,David,success,Berlin,93.184.216.20
2025-07-09T12:41:57Z,Clara,success,New York,93.184.216.40
2025-07-09T14:23:24Z,Ben,success,Vienna,93.184.216.10
2025-07-09T19:21:10Z,Ben,success,Vienna,93.184.216.10
2025-07-09T22:14:04Z,Clara,success,New York,93.184.216.40
2025-07-09T23:17:08Z,Ben,success,Vienna,93.184.216.10
2025-07-10T01:04:07Z,Clara,success,New York,93.184.216.40
2025-07-10T02:14:11Z,Clara,success,New York,93.184.216.40
2025-07-10T03:13:34Z,Ben,success,Vienna,93.184.216.10
2025-07-10T05:14:49Z,David,success,Berlin,93.184.216.20
2025-07-10T05:27:28Z,Adam,success,Paris,93.184.216.50
2025-07-10T06:16:47Z,Ben,fail,Vienna,93.184.216.10
2025-07-10T07:09:41Z,David,success,Berlin,93.184.216.20
2025-07-10T07:13:07Z,David,success,Berlin,93.184.216.20
2025-07-10T07:42:08Z,Clara,success,New York,93.184.216.40
2025-07-10T08:01:56Z,Adam,success,Paris,93.184.216.50
2025-07-10T08:38:29Z,Eva,success,London,93.184.216.30
2025-07-10T09:54:51Z,Adam,success,Paris,93.184.216.50
2025-07-10T10:32:00Z,Adam,success,Paris,93.184.216.50
2025-07-10T13:50:17Z,Eva,success,London,93.184.216.30
2025-07-10T15:39:45Z,Adam,success,Paris,93.184.216.50
2025-07-10T15:55:09Z,David,success,Berlin,93.184.216.20
2025-07-10T16:06:16Z,Eva,success,London,93.184.216.30
2025-07-10T16:16:19Z,David,success,Berlin,93.184.216.20
2025-07-10T17:13:28Z,Clara,success,New York,93.184.216.40
2025-07-10T19:31:46Z,Adam,success,Paris,93.184.216.50
2025-07-10T21:09:45Z,Ben,success,Vienna,93.184.216.10
2025-07-10T21:58:45Z,Eva,success,London,93.184.216.30
2025-07-10T23:04:54Z,Adam,success,Paris,93.184.216.50
2025-07-11T01:21:20Z,Adam,success,Paris,93.184.216.50
2025-07-11T05:24:04Z,Adam,success,Paris,93.184.216.50
2025-07-11T06:46:26Z,Ben,success,Vienna,93.184.216.10
2025-07-11T07:43:40Z,Eva,success,London,93.184.216.30
2025-07-11T07:51:31Z,Adam,success,Paris,93.184.216.50
2025-07-11T09:02:01Z,Clara,success,New York,93.184.216.40
2025-07-11T09:36:14Z,Clara,success,New York,93.184.216.40
2025-07-11T15:52:12Z,Adam,success,Paris,93.184.216.50
2025-07-11T19:09:14Z,Clara,success,New York,93.184.216.40
2025-07-11T20:03:33Z,David,success,Berlin,93.184.216.20
2025-07-11T21:15:51Z,Clara,success,New York,93.184.216.40
2025-07-11T21:36:23Z,Eva,fail,London,93.184.216.30
2025-07-11T22:55:35Z,Adam,success,Paris,93.184.216.50
2025-07-11T22:56:40Z,Adam,success,Paris,93.184.216.50
2025-07-12T01:02:26Z,Eva,success,London,93.184.216.30
2025-07-12T02:44:11Z,Ben,success,Vienna,93.184.216.10
2025-07-12T02:51:37Z,Ben,success,Vienna,93.184.216.10
2025-07-12T04:06:11Z,Adam,success,Paris,93.184.216.50
2025-07-12T06:31:08Z,David,success,Berlin,93.184.216.20
2025-07-12T06:33:22Z,Adam,success,Paris,93.184.216.50
2025-07-12T08:37:59Z,Clara,success,New York,93.184.216.40
2025-07-12T08:49:04Z,Eva,success,London,93.184.216.30
2025-07-12T09:12:17Z,Eva,success,London,93.184.216.30
2025-07-12T11:16:23Z,David,success,Berlin,93.184.216.20
2025-07-12T11:49:03Z,David,success,Berlin,93.184.216.20
2025-07-12T12:00:47Z,Eva,success,London,93.184.216.30
2025-07-12T12:52:15Z,Eva,success,London,93.184.216.30
2025-07-12T13:17:43Z,Adam,success,Paris,93.184.216.50
2025-07-12T13:48:07Z,Ben,success,Vienna,93.184.216.10
2025-07-12T14:05:21Z,Eva,success,London,93.184.216.30
2025-07-12T14:58:55Z,Eva,fail,London,93.184.216.30
2025-07-12T16:23:47Z,Ben,success,Vienna,93.184.216.10
2025-07-12T16:44:53Z,Clara,success,New York,93.184.216.40
2025-07-12T17:38:42Z,Eva,success,London,93.184.216.30
2025-07-12T18:29:02Z,David,fail,Berlin,93.184.216.20
2025-07-12T19:29:03Z,Ben,success,Vienna,93.184.216.10
2025-07-12T19:46:41Z,Eva,success,London,93.184.216.30
2025-07-12T19:58:01Z,Clara,success,New York,93.184.216.40
2025-07-12T21:08:09Z,Ben,success,Vienna,93.184.216.10
2025-07-12T22:51:42Z,Adam,success,Paris,93.184.216.50
2025-07-13T00:22:20Z,David,success,Berlin,93.184.216.20
2025-07-13T05:55:03Z,Clara,success,New York,93.184.216.40
2025-07-13T06:09:31Z,Ben,success,Vienna,93.184.216.10
2025-07-13T07:31:26Z,Eva,success,London,93.184.216.30
2025-07-13T15:06:14Z,Ben,success,Vienna,93.184.216.10
2025-07-13T15:50:12Z,Ben,success,Vienna,93.184.216.10
2025-07-13T20:20:06Z,David,success,Berlin,93.184.216.20
2025-07-13T20:20:47Z,Adam,success,Paris,93.184.216.50
2025-07-13T20:59:02Z,Clara,success,New York,93.184.216.40
2025-07-13T21:10:32Z,David,fail,Berlin,93.184.216.20
2025-07-13T22:45:07Z,Adam,success,Paris,93.184.216.50
2025-07-13T22:51:04Z,David,success,Berlin,93.184.216.20
2025-07-13T23:16:43Z,Adam,success,Paris,93.184.216.50
2025-07-14T03:38:25Z,Clara,success,New York,93.184.216.40
2025-07-14T07:47:34Z,Clara,fail,New York,93.184.216.40
2025-07-14T09:09:18Z,David,success,Berlin,93.184.216.20
2025-07-14T10:08:43Z,Clara,success,New York,93.184.216.40
2025-07-14T12:06:56Z,Adam,success,Paris,93.184.216.50
2025-07-14T12:11:32Z,Clara,success,New York,93.184.216.40
2025-07-14T12:58:29Z,Ben,success,Vienna,93.184.216.10
2025-07-14T13:03:57Z,David,success,Berlin,93.184.216.20
2025-07-14T13:53:53Z,Adam,success,Paris,93.184.216.50
2025-07-14T19:16:45Z,Adam,success,Paris,93.184.216.50
2025-07-14T19:32:18Z,Eva,success,London,93.184.216.30
2025-07-14T20:20:21Z,Clara,success,New York,93.184.216.40
2025-07-14T20:43:16Z,Adam,success,Paris,93.184.216.50
2025-07-14T20:55:15Z,Clara,success,New York,93.184.216.40
2025-07-14T21:20:36Z,David,success,Berlin,93.184.216.20
2025-07-14T22:14:19Z,Ben,success,Vienna,93.184.216.10
2025-07-14T22:16:43Z,Eva,success,London,93.184.216.30
2025-07-14T22:29:05Z,Ben,success,Vienna,93.184.216.10
2025-07-14T23:17:56Z,Eva,success,London,93.184.216.30
2025-07-15T01:18:34Z,Clara,success,New York,93.184.216.40
2025-07-15T01:29:30Z,Adam,success,Paris,93.184.216.50
2025-07-15T02:24:06Z,David,fail,Berlin,93.184.216.20
2025-07-15T03:21:23Z,David,success,Berlin,93.184.216.20
2025-07-15T04:21:49Z,Adam,success,Paris,93.184.216.50
2025-07-15T05:57:08Z,Ben,success,Vienna,93.184.216.10
2025-07-15T06:48:33Z,Ben,success,Vienna,93.184.216.10
2025-07-15T10:32:08Z,Clara,success,New York,93.184.216.40
2025-07-15T11:54:32Z,Eva,success,London,93.184.216.30
2025-07-15T12:32:23Z,Adam,success,Paris,93.184.216.50
2025-07-15T12:48:05Z,Adam,success,Paris,93.184.216.50
2025-07-15T13:16:52Z,Adam,success,Paris,93.184.216.50
2025-07-15T15:25:29Z,Adam,success,Paris,93.184.216.50
2025-07-15T15:47:32Z,Eva,success,London,93.184.216.30
2025-07-15T17:14:22Z,Eva,success,London,93.184.216.30
2025-07-15T18:36:37Z,Ben,success,Vienna,93.184.216.10
2025-07-15T20:45:21Z,David,success,Berlin,93.184.216.20
2025-07-15T21:05:36Z,Eva,success,London,93.184.216.30
2025-07-15T23:20:16Z,Eva,success,London,93.184.216.30
2025-07-15T23:51:18Z,Eva,success,London,93.184.216.30
2025-07-15T23:55:58Z,Ben,success,Vienna,93.184.216.10
2025-07-16T00:20:33Z,Adam,success,Paris,93.184.216.50
2025-07-16T00:41:20Z,Ben,success,Vienna,93.184.216.10
2025-07-16T01:26:46Z,Eva,success,London,93.184.216.30
2025-07-16T02:03:00Z,David,success,Berlin,93.184.216.20
2025-07-16T07:41:44Z,Ben,success,Vienna,93.184.216.10
2025-07-16T08:22:23Z,Clara,success,New York,93.184.216.40
2025-07-16T14:11:14Z,Eva,success,London,93.184.216.30
2025-07-16T15:30:43Z,Eva,success,London,93.184.216.30
2025-07-16T16:33:53Z,Adam,success,Paris,93.184.216.50
2025-07-16T16:38:28Z,Eva,success,London,93.184.216.30
2025-07-16T17:01:23Z,Clara,success,New York,93.184.216.40
2025-07-16T22:09:18Z,Adam,success,Paris,93.184.216.50
2025-07-16T22:47:58Z,David,success,Berlin,93.184.216.20
2025-07-17T00:03:55Z,Adam,success,Paris,93.184.216.50
2025-07-17T01:23:59Z,Adam,success,Paris,93.184.216.50
2025-07-17T01:49:03Z,Adam,success,Paris,93.184.216.50
2025-07-17T09:21:19Z,Adam,success,Paris,93.184.216.50
2025-07-17T09:53:53Z,Ben,fail,Vienna,93.184.216.10
2025-07-17T10:26:10Z,Adam,success,Paris,93.184.216.50
2025-07-17T10:27:08Z,Eva,success,London,93.184.216.30
2025-07-17T10:53:02Z,Clara,success,New York,93.184.216.40
2025-07-17T11:59:00Z,Clara,success,New York,93.184.216.40
2025-07-17T12:25:14Z,Clara,success,New York,93.184.216.40
2025-07-17T12:31:24Z,Eva,success,London,93.184.216.30
2025-07-17T12:57:04Z,Clara,success,New York,93.184.216.40
2025-07-17T14:08:49Z,David,success,Berlin,93.184.216.20
2025-07-17T17:23:19Z,Adam,success,Paris,93.184.216.50
2025-07-17T17:24:18Z,Clara,success,New York,93.184.216.40
2025-07-17T18:45:16Z,Clara,success,New York,93.184.216.40
2025-07-17T19:32:33Z,Ben,success,Vienna,93.184.216.10
2025-07-17T20:31:18Z,Ben,success,Vienna,93.184.216.10
2025-07-17T23:22:53Z,Clara,success,New York,93.184.216.40
2025-07-18T01:03:39Z,Eva,success,London,93.184.216.30
2025-07-18T01:41:51Z,Eva,success,London,93.184.216.30
2025-07-18T03:03:37Z,Adam,success,Paris,93.184.216.50
2025-07-18T03:58:17Z,Clara,success,New York,93.184.216.40
2025-07-18T10:13:03Z,Adam,success,Paris,93.184.216.50
2025-07-18T12:27:24Z,David,success,Berlin,93.184.216.20
2025-07-18T12:28:29Z,Ben,success,Vienna,93.184.216.10
2025-07-18T13:30:12Z,Adam,success,Paris,93.184.216.50
2025-07-18T13:56:09Z,Eva,success,London,93.184.216.30
2025-07-18T15:17:17Z,Clara,success,New York,93.184.216.40
2025-07-18T15:58:18Z,David,success,Berlin,93.184.216.20
2025-07-18T16:20:55Z,David,success,Berlin,93.184.216.20
2025-07-18T18:09:31Z,Adam,success,Paris,93.184.216.50
2025-07-18T18:20:52Z,Clara,fail,New York,93.184.216.40
2025-07-18T19:59:24Z,Clara,success,New York,93.184.216.40
2025-07-18T20:13:10Z,Eva,success,London,93.184.216.30
2025-07-18T21:10:04Z,Ben,success,Vienna,93.184.216.10
2025-07-18T22:31:48Z,David,success,Berlin,93.184.216.20
2025-07-18T23:54:09Z,David,success,Berlin,93.184.216.20
2025-07-19T03:18:16Z,Adam,success,Paris,93.184.216.50
2025-07-19T04:05:32Z,Eva,success,London,93.184.216.30
2025-07-19T04:16:42Z,Clara,success,New York,93.184.216.40
2025-07-19T04:43:17Z,Eva,success,London,93.184.216.30
2025-07-19T05:39:31Z,Clara,success,New York,93.184.216.40
2025-07-19T06:17:53Z,David,success,Berlin,93.184.216.20
2025-07-19T10:05:51Z,Clara,success,New York,93.184.216.40
2025-07-19T10:22:32Z,Adam,success,Paris,93.184.216.50
2025-07-19T10:44:34Z,Adam,success,Paris,93.184.216.50
2025-07-19T11:10:33Z,Adam,success,Paris,93.184.216.50
2025-07-19T11:30:11Z,Eva,success,London,93.184.216.30
2025-07-19T13:41:36Z,Ben,success,Vienna,93.184.216.10
2025-07-19T14:11:36Z,Adam,success,Paris,93.184.216.50
2025-07-19T14:54:36Z,David,success,Berlin,93.184.216.20
2025-07-19T17:48:51Z,Clara,success,New York,93.184.216.40
2025-07-19T17:54:58Z,David,success,Berlin,93.184.216.20
2025-07-19T19:22:22Z,Eva,success,London,93.184.216.30
2025-07-19T21:46:24Z,Clara,success,New York,93.184.216.40
2025-07-20T01:49:30Z,David,success,Berlin,93.184.216.20
2025-07-20T01:56:47Z,Adam,success,Paris,93.184.216.50
2025-07-20T05:54:08Z,Ben,success,Vienna,93.184.216.10
2025-07-20T06:08:09Z,Clara,success,New York,93.184.216.40
2025-07-20T08:14:47Z,David,success,Berlin,93.184.216.20
2025-07-20T11:23:27Z,Eva,success,London,93.184.216.30
2025-07-20T14:25:57Z,David,success,Berlin,93.184.216.20
2025-07-20T18:04:53Z,David,success,Berlin,93.184.216.20
2025-07-20T18:53:15Z,Clara,success,New York,93.184.216.40
2025-07-20T19:20:36Z,Adam,success,Paris,93.184.216.50
2025-07-20T19:39:23Z,Clara,success,New York,93.184.216.40
2025-07-20T19:45:36Z,Eva,success,London,93.184.216.30
2025-07-20T22:07:27Z,David,success,Berlin,93.184.216.20
2025-07-21T01:28:05Z,Clara,fail,New York,93.184.216.40
2025-07-21T01:49:57Z,David,success,Berlin,93.184.216.20
2025-07-21T04:24:43Z,Clara,success,New York,93.184.216.40
2025-07-21T04:39:47Z,Clara,success,New York,93.184.216.40
2025-07-21T05:21:31Z,Adam,success,Paris,93.184.216.50
2025-07-21T07:54:51Z,Eva,success,London,93.184.216.30
2025-07-21T08:19:05Z,Adam,success,Paris,93.184.216.50
2025-07-21T08:46:33Z,Adam,success,Paris,93.184.216.50
2025-07-21T13:30:17Z,Eva,success,London,93.184.216.30
2025-07-21T14:08:41Z,Adam,success,Paris,93.184.216.50
2025-07-21T15:19:22Z,David,success,Berlin,93.184.216.20
2025-07-21T15:44:52Z,Eva,success,London,93.184.216.30
2025-07-21T17:11:20Z,Adam,success,Paris,93.184.216.50
2025-07-21T17:12:57Z,Eva,success,London,93.184.216.30
2025-07-21T20:53:08Z,Eva,success,London,93.184.216.30
2025-07-21T22:04:02Z,Ben,success,Vienna,93.184.216.10
2025-07-22T00:02:12Z,David,success,Berlin,93.184.216.20
2025-07-22T03:50:34Z,Adam,success,Paris,93.184.216.50
2025-07-22T04:13:57Z,Ben,fail,Vienna,93.184.216.10
2025-07-22T04:26:08Z,Eva,success,London,93.184.216.30
2025-07-22T06:25:24Z,Eva,success,London,93.184.216.30
2025-07-22T07:25:43Z,Clara,success,New York,93.184.216.40
2025-07-22T07:39:03Z,Eva,success,London,93.184.216.30
2025-07-22T08:29:19Z,Eva,success,London,93.184.216.30
2025-07-22T10:39:08Z,Ben,success,Vienna,93.184.216.10
2025-07-22T10:43:04Z,Clara,success,New York,93.184.216.40
2025-07-22T10:46:53Z,Adam,success,Paris,93.184.216.50
2025-07-22T11:01:07Z,Adam,success,Paris,93.184.216.50
2025-07-22T11:12:35Z,Clara,success,New York,93.184.216.40
2025-07-22T12:17:05Z,Ben,success,Vienna,93.184.216.10
2025-07-22T12:55:22Z,Ben,success,Vienna,93.184.216.10
2025-07-22T14:06:29Z,Clara,success,New York,93.184.216.40
2025-07-22T15:31:37Z,Adam,success,Paris,93.184.216.50
2025-07-22T16:29:56Z,Adam,success,Paris,93.184.216.50
2025-07-22T16:56:37Z,Eva,fail,London,93.184.216.30
2025-07-22T18:09:40Z,Clara,success,New York,93.184.216.40
2025-07-22T18:35:01Z,Clara,success,New York,93.184.216.40
2025-07-22T18:39:30Z,Clara,success,New York,93.184.216.40
2025-07-22T19:00:45Z,Adam,success,Paris,93.184.216.50
2025-07-22T19:49:02Z,Eva,success,London,93.184.216.30
2025-07-22T19:58:39Z,Ben,success,Vienna,93.184.216.10
2025-07-22T20:15:29Z,Ben,success,Vienna,93.184.216.10
2025-07-22T20:22:09Z,Clara,success,New York,93.184.216.40
2025-07-22T20:53:50Z,Ben,success,Vienna,93.184.216.10
2025-07-22T22:05:58Z,Clara,success,New York,93.184.216.40
2025-07-22T22:40:04Z,Ben,success,Vienna,93.184.216.10
2025-07-23T00:15:40Z,Eva,success,London,93.184.216.30
2025-07-23T00:17:12Z,Ben,success,Vienna,93.184.216.10
2025-07-23T01:45:47Z,David,success,Berlin,93.184.216.20
2025-07-23T01:51:50Z,Ben,success,Vienna,93.184.216.10
2025-07-23T01:54:38Z,Ben,success,Vienna,93.184.216.10
2025-07-23T02:05:18Z,David,success,Berlin,93.184.216.20
2025-07-23T02:35:53Z,Ben,success,Vienna,93.184.216.10
2025-07-23T04:12:31Z,Clara,success,New York,93.184.216.40
2025-07-23T04:34:33Z,Adam,success,Paris,93.184.216.50
2025-07-23T07:26:18Z,Eva,success,London,93.184.216.30
2025-07-23T07:32:48Z,David,success,Berlin,93.184.216.20
2025-07-23T08:03:06Z,Adam,success,Paris,93.184.216.50
2025-07-23T09:37:32Z,Ben,success,Vienna,93.184.216.10
2025-07-23T09:53:46Z,Clara,success,New York,93.184.216.40
2025-07-23T10:42:35Z,Adam,success,Paris,93.184.216.50
2025-07-23T11:00:02Z,Eva,success,London,93.184.216.30
2025-07-23T11:05:53Z,Clara,success,New York,93.184.216.40
2025-07-23T12:32:40Z,Clara,success,New York,93.184.216.40
2025-07-23T13:06:51Z,Clara,success,New York,93.184.216.40
2025-07-23T13:14:23Z,Adam,fail,Paris,93.184.216.50
2025-07-23T13:48:13Z,David,success,Berlin,93.184.216.20
2025-07-23T14:13:28Z,Ben,success,Vienna,93.184.216.10
2025-07-23T16:34:02Z,Eva,success,London,93.184.216.30
2025-07-23T17:19:03Z,Adam,success,Paris,93.184.216.50
2025-07-23T20:10:23Z,David,success,Berlin,93.184.216.20
2025-07-23T23:23:18Z,Eva,success,London,93.184.216.30
2025-07-23T23:33:02Z,Adam,success,Paris,93.184.216.50
2025-07-24T02:08:52Z,Adam,success,Paris,93.184.216.50
2025-07-24T02:52:00Z,Ben,success,Vienna,93.184.216.10
2025-07-24T04:16:04Z,Clara,success,New York,93.184.216.40
2025-07-24T06:32:05Z,David,success,Berlin,93.184.216.20
2025-07-24T07:00:41Z,Eva,success,London,93.184.216.30
2025-07-24T10:40:17Z,Eva,success,London,93.184.216.30
2025-07-24T12:17:55Z,Adam,success,Paris,93.184.216.50
2025-07-24T13:48:50Z,Clara,fail,New York,93.184.216.40
2025-07-24T14:58:05Z,Adam,success,Paris,93.184.216.50
2025-07-24T16:02:12Z,David,success,Berlin,93.184.216.20
2025-07-24T16:49:42Z,David,success,Berlin,93.184.216.20
2025-07-24T17:14:04Z,Clara,success,New York,93.184.216.40
2025-07-24T17:16:00Z,Eva,fail,London,93.184.216.30
2025-07-24T20:55:34Z,Clara,success,New York,93.184.216.40
2025-07-24T23:54:31Z,Ben,success,Vienna,93.184.216.10
2025-07-24T23:59:28Z,Clara,success,New York,93.184.216.40
2025-07-25T01:26:24Z,Adam,fail,Paris,93.184.216.50
2025-07-25T04:15:23Z,Ben,success,Vienna,93.184.216.10
2025-07-25T04:31:17Z,David,success,Berlin,93.184.216.20
2025-07-25T04:38:58Z,David,success,Berlin,93.184.216.20
2025-07-25T05:05:49Z,Clara,success,New York,93.184.216.40
2025-07-25T06:37:58Z,Clara,fail,New York,93.184.216.40
2025-07-25T07:05:32Z,Eva,success,London,93.184.216.30
2025-07-25T09:12:41Z,David,success,Berlin,93.184.216.20
2025-07-25T09:55:43Z,Clara,success,New York,93.184.216.40
2025-07-25T11:00:52Z,Clara,success,New York,93.184.216.40
2025-07-25T11:30:00Z,Clara,success,New York,93.184.216.40
2025-07-25T12:46:53Z,David,success,Berlin,93.184.216.20
2025-07-25T12:50:39Z,Eva,success,London,93.184.216.30
2025-07-25T12:53:07Z,Clara,success,New York,93.184.216.40
2025-07-25T13:23:54Z,David,success,Berlin,93.184.216.20
2025-07-25T15:29:31Z,David,success,Berlin,93.184.216.20
2025-07-25T15:30:04Z,Ben,success,Vienna,93.184.216.10
2025-07-25T16:08:36Z,Adam,success,Paris,93.184.216.50
2025-07-25T16:25:55Z,Clara,success,New York,93.184.216.40
2025-07-25T16:52:43Z,Eva,success,London,93.184.216.30
2025-07-25T17:38:28Z,David,success,Berlin,93.184.216.20
2025-07-25T19:33:39Z,David,success,Berlin,93.184.216.20
2025-07-25T21:57:56Z,Eva,success,London,93.184.216.30
2025-07-25T23:59:43Z,Eva,success,London,93.184.216.30
2025-07-26T03:13:01Z,Clara,success,New York,93.184.216.40
2025-07-26T05:03:59Z,Clara,success,New York,93.184.216.40
2025-07-26T09:54:13Z,Ben,success,Vienna,93.184.216.10
2025-07-26T10:27:38Z,Clara,success,New York,93.184.216.40
2025-07-26T10:35:02Z,Clara,success,New York,93.184.216.40
2025-07-26T10:52:31Z,Adam,success,Paris,93.184.216.50
2025-07-26T12:13:30Z,Clara,success,New York,93.184.216.40
2025-07-26T12:28:47Z,Clara,success,New York,93.184.216.40
2025-07-26T12:56:02Z,Clara,success,New York,93.184.216.40
2025-07-26T14:47:04Z,Eva,success,London,93.184.216.30
2025-07-26T14:53:54Z,Adam,success,Paris,93.184.216.50
2025-07-26T18:08:36Z,Adam,success,Paris,93.184.216.50
2025-07-26T18:29:16Z,Eva,success,London,93.184.216.30
2025-07-26T18:51:13Z,David,success,Berlin,93.184.216.20
2025-07-26T20:13:15Z,Adam,success,Paris,93.184.216.50
2025-07-26T21:32:49Z,Adam,success,Paris,93.184.216.50
2025-07-26T22:17:56Z,Adam,fail,Paris,93.184.216.50
2025-07-27T00:45:03Z,Clara,success,New York,93.184.216.40
2025-07-27T03:04:20Z,Clara,success,New York,93.184.216.40
2025-07-27T04:25:19Z,David,success,Berlin,93.184.216.20
2025-07-27T10:20:55Z,Eva,success,London,93.184.216.30
2025-07-27T11:39:31Z,David,fail,Berlin,93.184.216.20
2025-07-27T12:27:15Z,Eva,success,London,93.184.216.30
2025-07-27T14:23:35Z,Clara,success,New York,93.184.216.40
2025-07-27T15:24:11Z,David,success,Berlin,93.184.216.20
2025-07-27T16:47:35Z,Ben,success,Vienna,93.184.216.10
2025-07-27T19:13:08Z,David,success,Berlin,93.184.216.20
2025-07-27T20:33:05Z,Eva,success,London,93.184.216.30
2025-07-27T22:05:12Z,Eva,success,London,93.184.216.30
2025-07-28T00:37:25Z,Ben,success,Vienna,93.184.216.10
2025-07-28T05:28:49Z,David,success,Berlin,93.184.216.20
2025-07-28T05:30:13Z,Clara,fail,New York,93.184.216.40
2025-07-28T07:23:19Z,Ben,success,Vienna,93.184.216.10
2025-07-28T10:32:13Z,Adam,success,Paris,93.184.216.50
2025-07-28T13:43:24Z,Eva,success,London,93.184.216.30
2025-07-28T16:25:34Z,Ben,success,Vienna,93.184.216.10
2025-07-28T20:03:32Z,Clara,success,New York,93.184.216.40
2025-07-28T21:58:43Z,Adam,success,Paris,93.184.216.50
2025-07-28T22:51:06Z,Eva,success,London,93.184.216.30
2025-07-28T23:20:06Z,Adam,success,Paris,93.184.216.50
2025-07-29T00:59:34Z,Adam,success,Paris,93.184.216.50
2025-07-29T01:46:53Z,David,success,Berlin,93.184.216.20
2025-07-29T02:45:01Z,Adam,success,Paris,93.184.216.50
2025-07-29T02:47:38Z,Ben,success,Vienna,93.184.216.10
2025-07-29T03:15:08Z,Ben,success,Vienna,93.184.216.10
2025-07-29T03:39:34Z,Adam,success,Paris,93.184.216.50
2025-07-29T04:26:09Z,David,success,Berlin,93.184.216.20
2025-07-29T06:40:22Z,Eva,success,London,93.184.216.30
2025-07-29T06:56:26Z,Ben,success,Vienna,93.184.216.10
2025-07-29T07:51:14Z,Ben,success,Vienna,93.184.216.10
2025-07-29T08:36:58Z,Ben,success,Vienna,93.184.216.10
2025-07-29T09:03:42Z,Eva,success,London,93.184.216.30
2025-07-29T11:16:52Z,Ben,success,Vienna,93.184.216.10
2025-07-29T12:02:52Z,Adam,success,Paris,93.184.216.50
2025-07-29T17:03:14Z,Eva,fail,London,93.184.216.30
2025-07-29T17:30:24Z,David,success,Berlin,93.184.216.20
2025-07-29T17:36:18Z,Clara,success,New York,93.184.216.40
2025-07-29T19:59:42Z,Ben,fail,Vienna,93.184.216.10
2025-07-29T21:15:58Z,Ben,success,Vienna,93.184.216.10
2025-07-29T23:15:04Z,Clara,success,New York,93.184.216.40
2025-07-29T23:18:41Z,Adam,success,Paris,93.184.216.50
2025-07-29T23:27:00Z,Ben,success,Vienna,93.184.216.10
2025-07-30T09:22:24Z,Adam,success,Paris,93.184.216.50
2025-07-30T10:24:40Z,Clara,success,New York,93.184.216.40
2025-07-30T10:48:43Z,Adam,success,Paris,93.184.216.50
2025-07-30T13:41:20Z,Ben,success,Vienna,93.184.216.10
2025-07-30T14:16:17Z,Ben,success,Vienna,93.184.216.10
2025-07-30T14:47:26Z,Eva,success,London,93.184.216.30
2025-07-30T16:39:22Z,Eva,success,London,93.184.216.30
2025-07-30T17:47:30Z,Clara,success,New York,93.184.216.40
2025-07-30T18:51:52Z,Adam,success,Paris,93.184.216.50
2025-07-30T20:21:14Z,Eva,success,London,93.184.216.30
2025-07-30T20:26:14Z,Clara,success,New York,93.184.216.40
2025-07-30T20:32:12Z,Ben,success,Vienna,93.184.216.10
2025-07-30T21:07:36Z,David,success,Berlin,93.184.216.20
2025-07-30T21:18:56Z,Ben,success,Vienna,93.184.216.10
2025-07-30T21:35:23Z,Eva,success,London,93.184.216.30
2025-07-31T01:37:54Z,Ben,success,Vienna,93.184.216.10
2025-07-31T03:23:26Z,David,success,Berlin,93.184.216.20
2025-07-31T06:01:43Z,Eva,success,London,93.184.216.30
2025-07-31T07:22:57Z,Eva,success,London,93.184.216.30
2025-07-31T08:39:14Z,Clara,success,New York,93.184.216.40
2025-07-31T09:20:05Z,David,success,Berlin,93.184.216.20
2025-07-31T11:57:43Z,David,success,Berlin,93.184.216.20
2025-07-31T12:52:03Z,Adam,success,Paris,93.184.216.50
2025-07-31T17:45:36Z,Adam,success,Paris,93.184.216.50
2025-07-31T19:53:42Z,David,success,Berlin,93.184.216.20
2025-07-31T20:30:37Z,Eva,success,London,93.184.216.30
2025-07-31T22:17:27Z,David,success,Berlin,93.184.216.20
2025-08-01T01:02:08Z,Eva,success,London,93.184.216.30
2025-08-01T01:24:50Z,Adam,success,Paris,93.184.216.50
2025-08-01T03:01:39Z,Ben,success,Vienna,93.184.216.10
2025-08-01T03:22:49Z,Eva,success,London,93.184.216.30
2025-08-01T05:08:23Z,Adam,success,Paris,93.184.216.50
2025-08-01T08:47:33Z,Adam,success,Paris,93.184.216.50
2025-08-01T10:32:56Z,David,success,Berlin,93.184.216.20
2025-08-01T10:34:10Z,David,success,Berlin,93.184.216.20
2025-08-01T12:47:35Z,Eva,success,London,93.184.216.30
2025-08-01T13:06:52Z,Clara,success,New York,93.184.216.40
2025-08-01T15:26:44Z,Adam,success,Paris,93.184.216.50
2025-08-01T21:51:43Z,Adam,success,Paris,93.184.216.50
2025-08-01T22:13:47Z,Ben,success,Vienna,93.184.216.10
2025-08-01T23:37:00Z,David,success,Berlin,93.184.216.20
2025-08-02T02:20:02Z,Adam,success,Paris,93.184.216.50
2025-08-02T02:25:39Z,Ben,success,Vienna,93.184.216.10
2025-08-02T03:08:09Z,Adam,success,Paris,93.184.216.50
2025-08-02T03:12:52Z,Clara,success,New York,93.184.216.40
2025-08-02T05:26:44Z,Adam,success,Paris,93.184.216.50
2025-08-02T09:02:01Z,David,success,Berlin,93.184.216.20
2025-08-02T10:05:23Z,Eva,success,London,93.184.216.30
2025-08-02T10:29:45Z,Adam,success,Paris,93.184.216.50
2025-08-02T11:17:39Z,Eva,success,London,93.184.216.30
2025-08-02T11:58:33Z,Clara,success,New York,93.184.216.40
2025-08-02T12:48:38Z,David,success,Berlin,93.184.216.20
2025-08-02T13:10:23Z,Eva,success,London,93.184.216.30
2025-08-02T14:34:32Z,David,success,Berlin,93.184.216.20
2025-08-02T14:57:51Z,Adam,success,Paris,93.184.216.50
2025-08-02T15:51:49Z,David,success,Berlin,93.184.216.20
2025-08-02T16:31:35Z,Ben,success,Vienna,93.184.216.10
2025-08-02T17:13:49Z,Ben,success,Vienna,93.184.216.10
2025-08-02T20:24:43Z,Ben,success,Vienna,93.184.216.10
2025-08-02T21:28:26Z,Eva,success,London,93.184.216.30
2025-08-02T22:01:50Z,Adam,success,Paris,93.184.216.50
2025-08-02T22:17:05Z,Eva,success,London,93.184.216.30
2025-08-02T22:22:09Z,Adam,success,Paris,93.184.216.50
2025-08-02T22:58:23Z,Eva,success,London,93.184.216.30
2025-08-03T00:43:18Z,Adam,success,Paris,93.184.216.50
2025-08-03T02:15:00Z,Ben,success,Vienna,93.184.216.10
2025-08-03T07:20:01Z,Clara,success,New York,93.184.216.40
2025-08-03T08:51:41Z,Ben,success,Vienna,93.184.216.10
2025-08-03T08:59:31Z,David,success,Berlin,93.184.216.20
2025-08-03T12:14:06Z,Ben,success,Vienna,93.184.216.10
2025-08-03T12:14:47Z,Eva,success,London,93.184.216.30
2025-08-03T12:16:24Z,Clara,success,New York,93.184.216.40
2025-08-03T12:37:05Z,David,success,Berlin,93.184.216.20
2025-08-03T14:30:08Z,Eva,success,London,93.184.216.30
2025-08-03T14:30:13Z,David,success,Berlin,93.184.216.20
2025-08-03T14:30:15Z,Eva,success,London,93.184.216.30
2025-08-03T14:30:16Z,Eva,success,London,93.184.216.30
2025-08-03T14:30:31Z,Eva,fail,London,93.184.216.30
2025-08-03T14:30:54Z,Adam,success,Paris,93.184.216.50
2025-08-03T14:31:00Z,Adam,success,Paris,93.184.216.50
2025-08-03T14:31:17Z,Clara,success,New York,93.184.216.40
2025-08-03T14:31:35Z,David,success,Berlin,93.184.216.20
2025-08-03T14:31:53Z,Adam,success,Paris,93.184.216.50
2025-08-03T14:32:09Z,Clara,success,New York,93.184.216.40
2025-08-03T14:32:12Z,Ben,fail,Madrid,198.51.100.77
2025-08-03T14:32:15Z,Ben,fail,Madrid,198.51.100.77
2025-08-03T14:32:19Z,Ben,fail,Madrid,198.51.100.77
2025-08-03T14:32:25Z,Ben,fail,Madrid,198.51.100.77
2025-08-03T14:32:29Z,Ben,fail,Madrid,198.51.100.77
2025-08-03T14:32:36Z,Ben,fail,Madrid,198.51.100.77
2025-08-03T14:32:40Z,Ben,fail,Madrid,198.51.100.77
2025-08-03T14:32:41Z,David,success,Berlin,93.184.216.20
2025-08-03T14:32:48Z,Ben,fail,Madrid,198.51.100.77
2025-08-03T14:32:57Z,Ben,fail,Madrid,198.51.100.77
2025-08-03T14:33:03Z,Ben,fail,Madrid,198.51.100.77
2025-08-03T14:33:08Z,Ben,fail,Madrid,198.51.100.77
2025-08-03T14:33:10Z,Clara,success,New York,93.184.216.40
2025-08-03T14:33:16Z,Ben,fail,Madrid,198.51.100.77
2025-08-03T14:33:24Z,Ben,fail,Madrid,198.51.100.77
2025-08-03T14:33:27Z,Eva,success,London,93.184.216.30
2025-08-03T14:33:32Z,Ben,fail,Madrid,198.51.100.77
2025-08-03T14:33:32Z,Adam,success,Paris,93.184.216.50
2025-08-03T14:33:35Z,Ben,fail,Madrid,198.51.100.77
2025-08-03T14:33:41Z,Ben,fail,Madrid,198.51.100.77
2025-08-03T14:33:44Z,Ben,fail,Madrid,198.51.100.77
2025-08-03T14:33:47Z,Ben,fail,Madrid,198.51.100.77
2025-08-03T14:33:55Z,Eva,success,London,93.184.216.30
2025-08-03T14:33:56Z,Ben,fail,Madrid,198.51.100.77
2025-08-03T14:34:04Z,Ben,fail,Madrid,198.51.100.77
2025-08-03T14:34:05Z,Eva,success,London,93.184.216.30
2025-08-03T14:34:07Z,Ben,fail,Madrid,198.51.100.77
2025-08-03T14:34:15Z,David,success,Berlin,93.184.216.20
2025-08-03T14:34:16Z,Ben,fail,Madrid,198.51.100.77
2025-08-03T14:34:17Z,Ben,fail,Madrid,198.51.100.77
2025-08-03T14:34:18Z,Adam,success,Paris,93.184.216.50
2025-08-03T14:34:26Z,Ben,fail,Madrid,198.51.100.77
2025-08-03T14:34:27Z,Ben,fail,Madrid,198.51.100.77
2025-08-03T14:34:29Z,Ben,fail,Madrid,198.51.100.77
2025-08-03T14:34:30Z,Ben,fail,Madrid,198.51.100.77
2025-08-03T14:34:31Z,Ben,fail,Madrid,198.51.100.77
2025-08-03T14:34:38Z,Ben,fail,Madrid,198.51.100.77
2025-08-03T14:34:41Z,Ben,fail,Madrid,198.51.100.77
2025-08-03T14:34:45Z,Ben,fail,Madrid,198.51.100.77
2025-08-03T14:34:47Z,Ben,fail,Madrid,198.51.100.77
2025-08-03T14:34:50Z,Ben,fail,Madrid,198.51.100.77
2025-08-03T14:34:51Z,Ben,fail,Madrid,198.51.100.77
2025-08-03T14:34:55Z,Ben,fail,Madrid,198.51.100.77
2025-08-03T14:34:56Z,Clara,success,New York,93.184.216.40
2025-08-03T14:35:04Z,Ben,fail,Madrid,198.51.100.77
2025-08-03T14:35:05Z,David,success,Berlin,93.184.216.20
2025-08-03T14:35:12Z,Ben,fail,Madrid,198.51.100.77
2025-08-03T14:35:18Z,David,success,Berlin,93.184.216.20
2025-08-03T14:35:18Z,Ben,fail,Madrid,198.51.100.77
2025-08-03T14:35:19Z,Ben,fail,Madrid,198.51.100.77
2025-08-03T14:35:21Z,Clara,success,New York,93.184.216.40
2025-08-03T14:35:25Z,David,success,Berlin,93.184.216.20
2025-08-03T14:35:27Z,Ben,fail,Madrid,198.51.100.77
2025-08-03T14:35:35Z,Ben,fail,Madrid,198.51.100.77
2025-08-03T14:35:36Z,Ben,fail,Madrid,198.51.100.77
2025-08-03T14:35:37Z,Ben,fail,Madrid,198.51.100.77
2025-08-03T14:35:42Z,Clara,success,New York,93.184.216.40
2025-08-03T14:35:46Z,Ben,fail,Madrid,198.51.100.77
2025-08-03T14:35:50Z,Adam,success,Paris,93.184.216.50
2025-08-03T14:35:55Z,Ben,fail,Madrid,198.51.100.77
2025-08-03T14:36:01Z,Clara,success,New York,93.184.216.40
2025-08-03T14:36:02Z,Ben,fail,Madrid,198.51.100.77
2025-08-03T14:36:03Z,Ben,fail,Madrid,198.51.100.77
2025-08-03T14:36:04Z,Ben,fail,Madrid,198.51.100.77
2025-08-03T14:36:13Z,Ben,fail,Madrid,198.51.100.77
2025-08-03T14:36:18Z,Ben,fail,Madrid,198.51.100.77
2025-08-03T14:36:24Z,Clara,success,New York,93.184.216.40
2025-08-03T14:36:24Z,Eva,success,London,93.184.216.30
2025-08-03T14:36:27Z,Ben,fail,Madrid,198.51.100.77
2025-08-03T14:36:32Z,Ben,fail,Madrid,198.51.100.77
2025-08-03T14:36:32Z,David,success,Berlin,93.184.216.20
2025-08-03T14:36:33Z,Ben,fail,Madrid,198.51.100.77
2025-08-03T14:36:42Z,Ben,fail,Madrid,198.51.100.77
2025-08-03T14:36:49Z,Ben,fail,Madrid,198.51.100.77
2025-08-03T14:36:52Z,Ben,fail,Madrid,198.51.100.77
2025-08-03T14:36:54Z,Ben,fail,Madrid,198.51.100.77
2025-08-03T14:36:56Z,Ben,fail,Madrid,198.51.100.77
2025-08-03T14:36:57Z,David,success,Berlin,93.184.216.20
2025-08-03T14:37:05Z,Ben,fail,Madrid,198.51.100.77
2025-08-03T14:37:06Z,David,success,Berlin,93.184.216.20
2025-08-03T14:37:08Z,Ben,fail,Madrid,198.51.100.77
2025-08-03T14:37:12Z,Ben,fail,Madrid,198.51.100.77
2025-08-03T14:37:16Z,Ben,fail,Madrid,198.51.100.77
2025-08-03T14:37:25Z,Ben,fail,Madrid,198.51.100.77
2025-08-03T14:37:30Z,Ben,fail,Madrid,198.51.100.77
2025-08-03T14:37:36Z,Ben,fail,Madrid,198.51.100.77
2025-08-03T14:37:41Z,Ben,fail,Madrid,198.51.100.77
2025-08-03T14:37:48Z,Ben,fail,Madrid,198.51.100.77
2025-08-03T14:37:50Z,Ben,fail,Madrid,198.51.100.77
2025-08-03T14:37:54Z,Eva,fail,London,93.184.216.30
2025-08-03T14:37:56Z,Ben,fail,Madrid,198.51.100.77
2025-08-03T14:38:02Z,David,success,Berlin,93.184.216.20
2025-08-03T14:38:03Z,Eva,success,London,93.184.216.30
2025-08-03T14:38:03Z,Ben,fail,Madrid,198.51.100.77
2025-08-03T14:38:11Z,Ben,fail,Madrid,198.51.100.77
2025-08-03T14:38:15Z,Ben,fail,Madrid,198.51.100.77
2025-08-03T14:38:19Z,Ben,fail,Madrid,198.51.100.77
2025-08-03T14:38:24Z,Ben,fail,Madrid,198.51.100.77
2025-08-03T14:38:26Z,Ben,fail,Madrid,198.51.100.77
2025-08-03T14:38:27Z,Ben,fail,Madrid,198.51.100.77
2025-08-03T14:38:29Z,Ben,fail,Madrid,198.51.100.77
2025-08-03T14:38:32Z,Adam,success,Paris,93.184.216.50
2025-08-03T14:38:36Z,Ben,fail,Madrid,198.51.100.77
2025-08-03T14:38:41Z,Eva,fail,London,93.184.216.30
2025-08-03T14:38:43Z,Ben,fail,Madrid,198.51.100.77
2025-08-03T14:38:50Z,Ben,fail,Madrid,198.51.100.77
2025-08-03T14:38:55Z,David,success,Berlin,93.184.216.20
2025-08-03T14:38:59Z,Ben,fail,Madrid,198.51.100.77
2025-08-03T14:39:07Z,Ben,fail,Madrid,198.51.100.77
2025-08-03T14:39:08Z,Ben,fail,Madrid,198.51.100.77
2025-08-03T14:39:09Z,Ben,fail,Madrid,198.51.100.77
2025-08-03T14:39:12Z,Ben,fail,Madrid,198.51.100.77
2025-08-03T14:39:14Z,Ben,fail,Madrid,198.51.100.77
2025-08-03T14:39:21Z,Eva,success,London,93.184.216.30
2025-08-03T14:39:22Z,Ben,fail,Madrid,198.51.100.77
2025-08-03T14:39:26Z,Adam,success,Paris,93.184.216.50
2025-08-03T14:39:29Z,Ben,fail,Madrid,198.51.100.77
2025-08-03T14:39:33Z,Clara,success,New York,93.184.216.40
2025-08-03T14:39:35Z,Ben,fail,Madrid,198.51.100.77
2025-08-03T14:39:37Z,Ben,success,Madrid,198.51.100.77
2025-08-03T14:39:44Z,David,fail,Berlin,93.184.216.20
2025-08-03T14:40:12Z,Eva,success,London,93.184.216.30
2025-08-03T14:40:44Z,Eva,success,London,93.184.216.30
2025-08-03T14:40:58Z,Adam,success,Paris,93.184.216.50
2025-08-03T14:41:20Z,Adam,success,Paris,93.184.216.50
2025-08-03T14:41:36Z,Adam,fail,Paris,93.184.216.50
2025-08-03T14:41:57Z,Clara,success,New York,93.184.216.40
2025-08-03T14:42:31Z,Clara,success,New York,93.184.216.40
2025-08-03T14:42:37Z,David,success,Berlin,93.184.216.20
2025-08-03T14:55:51Z,Ben,success,Vienna,93.184.216.10
2025-08-03T14:57:36Z,Ben,success,Madrid,198.51.100.77
2025-08-03T16:11:18Z,Clara,success,New York,93.184.216.40
2025-08-03T16:13:53Z,Ben,success,Vienna,93.184.216.10
2025-08-03T16:13:58Z,Ben,success,Madrid,198.51.100.77
2025-08-03T16:57:09Z,Ben,success,Vienna,93.184.216.10
2025-08-03T16:59:11Z,Ben,success,Madrid,198.51.100.77
2025-08-03T17:41:59Z,Ben,success,Vienna,93.184.216.10
2025-08-03T17:47:25Z,Ben,success,Madrid,198.51.100.77
2025-08-03T18:25:35Z,Ben,success,Vienna,93.184.216.10
2025-08-03T18:29:51Z,Ben,success,Madrid,198.51.100.77
2025-08-03T18:58:57Z,Clara,success,New York,93.184.216.40
2025-08-03T19:05:54Z,Adam,success,Paris,93.184.216.50
2025-08-03T23:14:55Z,Eva,success,London,93.184.216.30
2025-08-04T00:56:17Z,Adam,success,Paris,93.184.216.50
2025-08-04T03:50:11Z,Adam,success,Paris,93.184.216.50
2025-08-04T03:56:59Z,Adam,success,Paris,93.184.216.50
2025-08-04T04:15:48Z,Eva,success,London,93.184.216.30
2025-08-04T05:39:00Z,Clara,success,New York,93.184.216.40
2025-08-04T06:17:15Z,Ben,success,Vienna,93.184.216.10
2025-08-04T07:02:16Z,David,success,Berlin,93.184.216.20
2025-08-04T08:04:27Z,Clara,success,New York,93.184.216.40
2025-08-04T08:26:20Z,David,success,Berlin,93.184.216.20
2025-08-04T08:54:04Z,Ben,success,Vienna,93.184.216.10
2025-08-04T13:43:05Z,Adam,success,Paris,93.184.216.50
2025-08-04T14:00:27Z,Clara,success,New York,93.184.216.40
2025-08-04T14:38:44Z,David,success,Berlin,93.184.216.20
2025-08-04T19:16:11Z,David,success,Berlin,93.184.216.20
2025-08-04T21:13:39Z,Eva,success,London,93.184.216.30
2025-08-04T22:34:28Z,Ben,success,Vienna,93.184.216.10
2025-08-04T23:50:21Z,Adam,success,Paris,93.184.216.50
2025-08-05T00:10:31Z,Adam,success,Paris,93.184.216.50
2025-08-05T02:40:56Z,Eva,fail,London,93.184.216.30
2025-08-05T03:12:38Z,Eva,success,London,93.184.216.30
2025-08-05T03:43:56Z,Clara,success,New York,93.184.216.40
2025-08-05T03:52:36Z,Adam,success,Paris,93.184.216.50
2025-08-05T05:54:38Z,Eva,success,London,93.184.216.30
2025-08-05T07:36:29Z,Eva,success,London,93.184.216.30
2025-08-05T09:29:39Z,Adam,success,Paris,93.184.216.50
2025-08-05T13:56:17Z,David,success,Berlin,93.184.216.20
2025-08-05T14:56:00Z,David,success,Berlin,93.184.216.20
2025-08-05T15:24:16Z,Eva,success,London,93.184.216.30
2025-08-05T15:47:38Z,Clara,success,New York,93.184.216.40
2025-08-05T18:09:35Z,David,success,Berlin,93.184.216.20
2025-08-05T23:17:29Z,David,success,Berlin,93.184.216.20
2025-08-05T23:35:47Z,David,success,Berlin,93.184.216.20
2025-08-06T03:58:30Z,David,success,Berlin,93.184.216.20
2025-08-06T04:55:32Z,Eva,success,London,93.184.216.30
2025-08-06T06:10:38Z,Ben,success,Vienna,93.184.216.10
2025-08-06T06:20:03Z,Eva,success,London,93.184.216.30
2025-08-06T06:42:44Z,Eva,success,London,93.184.216.30
2025-08-06T06:52:41Z,Eva,success,London,93.184.216.30
2025-08-06T07:27:16Z,Ben,success,Vienna,93.184.216.10
2025-08-06T08:35:56Z,Adam,success,Paris,93.184.216.50
2025-08-06T09:12:16Z,Adam,success,Paris,93.184.216.50
2025-08-06T10:22:05Z,David,success,Berlin,93.184.216.20
2025-08-06T14:11:24Z,Clara,success,New York,93.184.216.40
2025-08-06T14:44:43Z,Ben,fail,Vienna,93.184.216.10
2025-08-06T14:55:22Z,David,success,Berlin,93.184.216.20
2025-08-06T15:34:21Z,David,success,Berlin,93.184.216.20
2025-08-06T15:56:51Z,Adam,success,Paris,93.184.216.50
2025-08-06T20:04:28Z,Ben,success,Vienna,93.184.216.10
2025-08-06T21:42:54Z,David,success,Berlin,93.184.216.20
2025-08-06T23:21:43Z,Clara,success,New York,93.184.216.40
2025-08-06T23:37:50Z,David,success,Berlin,93.184.216.20
2025-08-07T00:29:59Z,Ben,success,Vienna,93.184.216.10
2025-08-07T00:48:39Z,Adam,success,Paris,93.184.216.50
2025-08-07T01:03:28Z,Clara,success,New York,93.184.216.40
2025-08-07T01:05:43Z,Ben,success,Vienna,93.184.216.10
2025-08-07T04:15:14Z,David,success,Berlin,93.184.216.20
2025-08-07T04:15:42Z,Adam,success,Paris,93.184.216.50
2025-08-07T07:28:56Z,Eva,success,London,93.184.216.30
2025-08-07T10:28:59Z,Eva,success,London,93.184.216.30
2025-08-07T10:51:51Z,Ben,success,Vienna,93.184.216.10
2025-08-07T14:31:21Z,Adam,success,Paris,93.184.216.50
2025-08-07T15:48:13Z,Eva,success,London,93.184.216.30
2025-08-07T17:04:44Z,Eva,success,London,93.184.216.30
2025-08-07T18:11:35Z,Ben,success,Vienna,93.184.216.10
2025-08-07T18:55:31Z,Ben,success,Vienna,93.184.216.10
2025-08-07T19:44:17Z,Eva,success,London,93.184.216.30
2025-08-07T22:12:08Z,Ben,success,Vienna,93.184.216.10
2025-08-08T04:14:12Z,Adam,success,Paris,93.184.216.50
2025-08-08T05:53:10Z,Eva,success,London,93.184.216.30
2025-08-08T06:41:32Z,Eva,success,London,93.184.216.30
2025-08-08T09:18:39Z,Eva,success,London,93.184.216.30
2025-08-08T09:42:32Z,Ben,success,Vienna,93.184.216.10
2025-08-08T10:01:30Z,Eva,success,London,93.184.216.30
2025-08-08T10:50:21Z,David,success,Berlin,93.184.216.20
2025-08-08T12:43:23Z,David,success,Berlin,93.184.216.20
2025-08-08T14:07:20Z,Eva,success,London,93.184.216.30
2025-08-08T15:34:27Z,Eva,fail,London,93.184.216.30
2025-08-08T15:40:18Z,Ben,success,Vienna,93.184.216.10
2025-08-08T16:17:11Z,Eva,success,London,93.184.216.30
2025-08-08T18:20:09Z,Eva,success,London,93.184.216.30
2025-08-08T19:16:04Z,Adam,success,Paris,93.184.216.50
2025-08-08T19:54:50Z,Adam,success,Paris,93.184.216.50
2025-08-08T22:19:06Z,Adam,success,Paris,93.184.216.50
2025-08-08T22:23:30Z,Adam,success,Paris,93.184.216.50
2025-08-08T22:40:18Z,Clara,success,New York,93.184.216.40
2025-08-08T23:20:56Z,Ben,success,Vienna,93.184.216.10
2025-08-09T00:51:21Z,David,success,Berlin,93.184.216.20
2025-08-09T00:59:55Z,Eva,success,London,93.184.216.30
2025-08-09T04:28:51Z,David,success,Berlin,93.184.216.20
2025-08-09T04:48:07Z,Clara,success,New York,93.184.216.40
2025-08-09T06:36:15Z,Adam,success,Paris,93.184.216.50
2025-08-09T09:27:47Z,David,success,Berlin,93.184.216.20
2025-08-09T09:46:47Z,Eva,success,London,93.184.216.30
2025-08-09T11:25:44Z,Eva,success,London,93.184.216.30
2025-08-09T11:46:13Z,David,success,Berlin,93.184.216.20
2025-08-09T11:52:23Z,Clara,success,New York,93.184.216.40
2025-08-09T14:44:09Z,Clara,success,New York,93.184.216.40
2025-08-09T15:14:13Z,Eva,fail,London,93.184.216.30
2025-08-09T15:31:41Z,David,success,Berlin,93.184.216.20
2025-08-09T15:44:50Z,David,success,Berlin,93.184.216.20
2025-08-09T17:28:43Z,Clara,success,New York,93.184.216.40
2025-08-10T02:03:01Z,Clara,success,New York,93.184.216.40
2025-08-10T03:05:42Z,Eva,success,London,93.184.216.30
2025-08-10T04:38:01Z,David,success,Berlin,93.184.216.20
2025-08-10T07:28:01Z,David,success,Berlin,93.184.216.20
2025-08-10T07:34:14Z,Eva,success,London,93.184.216.30
2025-08-10T08:38:25Z,Ben,success,Vienna,93.184.216.10
2025-08-10T10:04:56Z,Ben,success,Vienna,93.184.216.10
2025-08-10T10:19:39Z,Clara,success,New York,93.184.216.40
2025-08-10T10:55:40Z,Adam,success,Paris,93.184.216.50
2025-08-10T11:19:22Z,Ben,success,Vienna,93.184.216.10
2025-08-10T11:22:59Z,Clara,success,New York,93.184.216.40
2025-08-10T12:31:25Z,Clara,success,New York,93.184.216.40
2025-08-10T12:38:15Z,David,fail,Berlin,93.184.216.20
2025-08-10T14:02:33Z,Adam,fail,Paris,93.184.216.50
2025-08-10T14:14:50Z,Ben,success,Vienna,93.184.216.10
2025-08-10T17:42:40Z,Ben,success,Vienna,93.184.216.10
2025-08-10T18:30:40Z,David,success,Berlin,93.184.216.20
2025-08-10T20:36:57Z,Eva,success,London,93.184.216.30
2025-08-11T00:55:53Z,Eva,success,London,93.184.216.30
2025-08-11T01:35:03Z,Eva,success,London,93.184.216.30
2025-08-11T03:24:09Z,Eva,success,London,93.184.216.30
2025-08-11T06:39:48Z,Eva,success,London,93.184.216.30
2025-08-11T07:33:23Z,David,success,Berlin,93.184.216.20
2025-08-11T07:40:49Z,Adam,success,Paris,93.184.216.50
2025-08-11T07:54:31Z,Eva,success,London,93.184.216.30
2025-08-11T09:02:58Z,Eva,success,London,93.184.216.30
2025-08-11T09:34:31Z,Ben,success,Vienna,93.184.216.10
2025-08-11T15:06:28Z,Eva,success,London,93.184.216.30
2025-08-11T15:19:53Z,Ben,success,Vienna,93.184.216.10
2025-08-11T17:32:52Z,Ben,success,Vienna,93.184.216.10
2025-08-11T18:08:11Z,David,success,Berlin,93.184.216.20
2025-08-11T18:52:51Z,Adam,success,Paris,93.184.216.50
2025-08-11T19:15:27Z,Ben,success,Vienna,93.184.216.10
2025-08-11T20:25:51Z,Ben,success,Vienna,93.184.216.10
2025-08-11T22:39:51Z,David,success,Berlin,93.184.216.20
2025-08-11T22:49:25Z,Clara,success,New York,93.184.216.40
2025-08-11T23:20:19Z,David,success,Berlin,93.184.216.20
2025-08-11T23:41:37Z,Clara,success,New York,93.184.216.40
2025-08-12T00:43:41Z,Ben,success,Vienna,93.184.216.10
2025-08-12T01:31:35Z,David,success,Berlin,93.184.216.20
2025-08-12T01:57:18Z,David,success,Berlin,93.184.216.20
2025-08-12T03:24:02Z,Clara,success,New York,93.184.216.40
2025-08-12T05:16:27Z,Eva,success,London,93.184.216.30
2025-08-12T06:36:06Z,Adam,success,Paris,93.184.216.50
2025-08-12T06:42:37Z,Clara,success,New York,93.184.216.40
2025-08-12T08:23:59Z,Clara,success,New York,93.184.216.40
2025-08-12T09:16:33Z,Adam,success,Paris,93.184.216.50
2025-08-12T09:26:40Z,Adam,success,Paris,93.184.216.50
2025-08-12T13:28:47Z,Eva,fail,London,93.184.216.30
2025-08-12T13:49:25Z,Ben,success,Vienna,93.184.216.10
2025-08-12T15:47:06Z,Eva,success,London,93.184.216.30
2025-08-12T18:16:52Z,Eva,success,London,93.184.216.30
2025-08-12T18:55:27Z,David,success,Berlin,93.184.216.20
2025-08-12T19:53:23Z,Clara,success,New York,93.184.216.40
2025-08-12T19:59:59Z,Adam,success,Paris,93.184.216.50
2025-08-12T20:33:01Z,Adam,success,Paris,93.184.216.50
2025-08-12T22:05:29Z,Adam,success,Paris,93.184.216.50
2025-08-12T22:43:50Z,Clara,success,New York,93.184.216.40
2025-08-12T23:34:54Z,David,success,Berlin,93.184.216.20
2025-08-12T23:37:33Z,Adam,success,Paris,93.184.216.50
2025-08-13T04:19:36Z,Clara,success,New York,93.184.216.40
2025-08-13T08:27:06Z,Eva,success,London,93.184.216.30
2025-08-13T08:34:25Z,Adam,success,Paris,93.184.216.50
2025-08-13T10:19:41Z,Clara,success,New York,93.184.216.40
2025-08-13T15:16:55Z,Ben,success,Vienna,93.184.216.10
2025-08-13T15:18:15Z,Ben,success,Vienna,93.184.216.10
2025-08-13T15:19:23Z,Ben,success,Vienna,93.184.216.10
2025-08-13T15:23:21Z,Eva,success,London,93.184.216.30
2025-08-13T15:43:18Z,Ben,success,Vienna,93.184.216.10
2025-08-13T20:33:55Z,Eva,fail,London,93.184.216.30
2025-08-13T21:12:23Z,Clara,success,New York,93.184.216.40
2025-08-13T22:45:29Z,Clara,success,New York,93.184.216.40
2025-08-14T01:49:23Z,Ben,success,Vienna,93.184.216.10
2025-08-14T03:30:48Z,Clara,success,New York,93.184.216.40
2025-08-14T04:56:44Z,Ben,success,Vienna,93.184.216.10
2025-08-14T07:29:07Z,Adam,success,Paris,93.184.216.50
2025-08-14T07:52:50Z,David,success,Berlin,93.184.216.20
2025-08-14T07:59:23Z,Ben,success,Vienna,93.184.216.10
2025-08-14T09:45:02Z,Clara,fail,New York,93.184.216.40
2025-08-14T11:18:07Z,Clara,success,New York,93.184.216.40
2025-08-14T12:55:48Z,David,success,Berlin,93.184.216.20
2025-08-14T14:07:20Z,Adam,fail,Paris,93.184.216.50
2025-08-14T15:20:37Z,Clara,success,New York,93.184.216.40
2025-08-14T16:29:04Z,Adam,success,Paris,93.184.216.50
2025-08-14T17:40:08Z,Eva,success,London,93.184.216.30
2025-08-14T18:28:16Z,Ben,success,Vienna,93.184.216.10
2025-08-14T23:17:44Z,Ben,success,Vienna,93.184.216.10
2025-08-15T00:49:01Z,David,success,Berlin,93.184.216.20
2025-08-15T04:04:42Z,Eva,fail,London,93.184.216.30
2025-08-15T05:07:23Z,Eva,success,London,93.184.216.30
2025-08-15T06:51:05Z,Clara,success,New York,93.184.216.40
2025-08-15T09:02:54Z,Eva,success,London,93.184.216.30
2025-08-15T13:55:57Z,Ben,success,Vienna,93.184.216.10
2025-08-15T13:57:15Z,Adam,success,Paris,93.184.216.50
2025-08-15T14:04:34Z,Clara,success,New York,93.184.216.40
2025-08-15T16:54:36Z,David,success,Berlin,93.184.216.20
2025-08-15T17:01:39Z,Eva,success,London,93.184.216.30
2025-08-15T21:03:50Z,Ben,success,Vienna,93.184.216.10
2025-08-15T21:22:56Z,Eva,success,London,93.184.216.30
2025-08-15T22:14:31Z,Adam,success,Paris,93.184.216.50
2025-08-15T23:09:31Z,Clara,success,New York,93.184.216.40
2025-08-15T23:16:33Z,Adam,success,Paris,93.184.216.50
2025-08-15T23:53:52Z,Eva,success,London,93.184.216.30
2025-08-16T00:01:21Z,Ben,success,Vienna,93.184.216.10
2025-08-16T01:27:34Z,Clara,success,New York,93.184.216.40
2025-08-16T01:48:41Z,Adam,success,Paris,93.184.216.50
2025-08-16T02:52:34Z,Eva,success,London,93.184.216.30
2025-08-16T05:04:00Z,Ben,success,Vienna,93.184.216.10
2025-08-16T06:04:48Z,David,fail,Berlin,93.184.216.20
2025-08-16T06:47:44Z,Ben,success,Vienna,93.184.216.10
2025-08-16T11:14:02Z,David,success,Berlin,93.184.216.20
2025-08-16T11:24:21Z,David,success,Berlin,93.184.216.20
2025-08-16T17:36:37Z,David,success,Berlin,93.184.216.20
2025-08-16T19:33:51Z,Clara,success,New York,93.184.216.40
2025-08-16T21:42:15Z,Ben,success,Vienna,93.184.216.10
2025-08-16T22:30:26Z,Ben,success,Vienna,93.184.216.10
2025-08-16T22:57:03Z,Clara,success,New York,93.184.216.40
2025-08-16T23:05:02Z,Clara,success,New York,93.184.216.40
2025-08-16T23:33:09Z,Clara,success,New York,93.184.216.40
2025-08-17T00:02:33Z,David,success,Berlin,93.184.216.20
2025-08-17T00:15:58Z,Ben,success,Vienna,93.184.216.10
2025-08-17T01:01:52Z,Clara,success,New York,93.184.216.40
2025-08-17T01:39:09Z,David,success,Berlin,93.184.216.20
2025-08-17T03:24:20Z,Adam,fail,Paris,93.184.216.50
2025-08-17T04:19:54Z,Eva,success,London,93.184.216.30
2025-08-17T04:54:16Z,David,success,Berlin,93.184.216.20
2025-08-17T06:28:12Z,Eva,success,London,93.184.216.30
2025-08-17T07:25:44Z,Adam,success,Paris,93.184.216.50
2025-08-17T08:03:13Z,David,success,Berlin,93.184.216.20
2025-08-17T08:23:35Z,Eva,success,London,93.184.216.30
2025-08-17T11:50:45Z,Clara,success,New York,93.184.216.40
2025-08-17T12:01:27Z,Ben,success,Vienna,93.184.216.10
2025-08-17T13:39:50Z,Ben,success,Vienna,93.184.216.10
2025-08-17T14:41:06Z,David,success,Berlin,93.184.216.20
2025-08-17T14:44:13Z,Clara,success,New York,93.184.216.40
2025-08-17T16:33:43Z,Eva,success,London,93.184.216.30
2025-08-17T18:22:06Z,David,success,Berlin,93.184.216.20
2025-08-17T19:51:58Z,Eva,success,London,93.184.216.30
2025-08-17T20:25:06Z,David,success,Berlin,93.184.216.20
2025-08-17T20:55:59Z,Ben,success,Vienna,93.184.216.10
2025-08-17T22:33:09Z,David,success,Berlin,93.184.216.20
2025-08-17T22:58:41Z,Adam,success,Paris,93.184.216.50
