time,user,result,city,device,action,download_size
2025-07-19 23:26:26,Ben,success,Berlin,Tablet,login,small
2025-07-18 19:43:56,Anna,success,Wien,Handy,login,small
2025-07-19 19:36:17,Anna,fail,Wien,Tablet,login,small
2025-07-18 14:02:53,Eva,fail,Wien,PC,login,small
2025-07-17 12:18:58,Clara,success,Berlin,Handy,login,small
2025-07-18 18:44:25,Anna,success,Wien,PC,login,small
2025-07-18 11:07:54,Ben,success,Berlin,Tablet,login,small
2025-07-19 22:13:31,Anna,success,Wien,Handy,login,small
2025-07-18 12:25:23,Anna,fail,Wien,Handy,login,small
2025-07-18 20:39:36,David,fail,Wien,PC,login,small
2025-07-17 20:41:18,Eva,fail,Wien,Tablet,login,small
2025-07-18 22:09:27,Eva,fail,Wien,PC,login,small
2025-07-17 21:17:18,Anna,fail,Wien,Handy,login,small
2025-07-18 23:15:17,David,fail,Wien,Handy,login,small
2025-07-19 21:49:27,Anna,success,Wien,PC,login,small
2025-07-19 08:29:47,Ben,fail,Berlin,Handy,login,small
2025-07-19 06:30:17,Ben,fail,Berlin,PC,login,small
2025-07-20 01:27:30,Anna,success,Wien,Tablet,login,small
2025-07-19 05:01:58,Eva,success,Wien,PC,login,small
2025-07-18 11:04:08,Eva,success,Wien,PC,login,small
2025-07-18 16:41:05,David,success,Wien,Tablet,login,small
2025-07-18 15:29:11,Clara,success,Berlin,Handy,login,small
2025-07-18 16:30:29,Anna,fail,Wien,PC,login,small
2025-07-20 10:50:53,Clara,fail,Berlin,Handy,login,small
2025-07-18 17:43:16,Ben,success,Berlin,Handy,login,small
2025-07-18 16:11:36,Anna,success,Wien,Handy,login,small
2025-07-18 10:16:22,Clara,success,Berlin,Tablet,login,small
2025-07-18 15:26:15,Clara,fail,Berlin,Tablet,login,small
2025-07-18 01:44:39,Anna,success,Wien,Tablet,login,small
2025-07-17 14:30:16,Eva,success,Wien,PC,login,small
2025-07-18 05:30:47,Ben,fail,Berlin,Tablet,login,small
2025-07-18 20:32:28,David,success,Wien,Tablet,login,small
2025-07-17 19:03:07,Anna,success,Wien,Tablet,login,small
2025-07-19 10:23:24,David,success,Wien,Tablet,login,small
2025-07-17 13:42:44,Anna,fail,Wien,PC,login,small
2025-07-17 11:15:55,Ben,success,Berlin,PC,login,small
2025-07-19 23:18:21,David,success,Wien,Handy,login,small
2025-07-18 02:10:13,David,success,Wien,Handy,login,small
2025-07-19 15:21:56,Anna,success,Wien,PC,login,small
2025-07-17 20:13:17,Ben,success,Berlin,PC,login,small
2025-07-18 04:31:53,Ben,success,Berlin,Handy,login,small
2025-07-18 23:39:42,Eva,success,Wien,Handy,login,small
2025-07-18 09:25:22,David,success,Wien,PC,login,small
2025-07-17 19:33:20,Anna,fail,Wien,Handy,login,small
2025-07-20 02:22:42,Eva,fail,Wien,PC,login,small
2025-07-20 07:34:39,Anna,success,Wien,Tablet,login,small
2025-07-17 12:40:24,David,success,Wien,PC,login,small
2025-07-19 10:43:18,Ben,fail,Berlin,Tablet,login,small
2025-07-19 23:13:12,Clara,success,Berlin,PC,login,small
2025-07-19 18:15:18,Ben,fail,Berlin,Tablet,login,small
2025-07-19 10:37:57,David,fail,Wien,Handy,login,small
2025-07-18 08:24:51,David,fail,Wien,Tablet,login,small
2025-07-18 14:26:23,Ben,success,Berlin,Tablet,login,small
2025-07-17 22:43:27,Anna,success,Wien,Tablet,login,small
2025-07-18 08:30:54,Clara,fail,Berlin,Tablet,login,small
2025-07-19 00:21:39,Eva,fail,Wien,Tablet,login,small
2025-07-17 15:05:49,Ben,fail,Berlin,Tablet,login,small
2025-07-20 11:17:35,Eva,success,Wien,PC,login,small
2025-07-17 18:05:11,Anna,success,Wien,PC,login,small
2025-07-18 22:54:47,Eva,success,Wien,Handy,login,small
2025-07-18 00:12:28,Clara,success,Berlin,Tablet,login,small
2025-07-19 15:39:29,Ben,fail,Berlin,Handy,login,small
2025-07-20 15:31:43,Ben,success,Berlin,Handy,login,small
2025-07-20 15:37:56,Eva,success,Wien,Tablet,login,small
2025-07-19 14:06:12,Ben,success,Berlin,Tablet,login,small
2025-07-17 15:28:41,Clara,fail,Berlin,Tablet,login,small
2025-07-19 00:44:47,Eva,fail,Wien,Tablet,login,small
2025-07-17 17:57:45,David,fail,Wien,Handy,login,small
2025-07-19 21:30:51,Eva,fail,Wien,Handy,login,small
2025-07-19 14:31:54,Clara,success,Berlin,Handy,login,small
2025-07-17 15:30:19,David,success,Wien,Tablet,login,small
2025-07-19 20:25:45,David,success,Wien,Tablet,login,small
2025-07-18 02:18:12,Anna,success,Wien,PC,login,small
2025-07-17 12:35:10,Eva,success,Wien,Tablet,login,small
2025-07-19 15:49:52,Eva,success,Wien,Handy,login,small
2025-07-17 11:58:49,Anna,success,Wien,PC,login,small
2025-07-19 21:07:44,David,success,Wien,Handy,login,small
2025-07-18 19:30:43,Anna,success,Wien,PC,login,small
2025-07-18 20:46:18,Ben,success,Berlin,Handy,login,small
2025-07-20 10:28:32,Anna,fail,Wien,Tablet,login,small
2025-07-18 00:51:48,Clara,success,Berlin,PC,login,small
2025-07-18 07:59:58,Ben,success,Berlin,Tablet,login,small
2025-07-18 17:46:55,David,success,Wien,PC,login,small
2025-07-17 11:34:28,David,fail,Wien,Handy,login,small
2025-07-18 18:00:34,David,fail,Wien,Tablet,login,small
2025-07-20 13:39:47,Ben,success,Berlin,Handy,login,small
2025-07-18 10:00:00,Eva,success,Wien,PC,login,small
2025-07-18 22:49:54,Anna,success,Wien,PC,login,small
2025-07-19 13:42:08,Ben,fail,Berlin,Handy,login,small
2025-07-17 17:37:04,Clara,success,Berlin,Handy,login,small
2025-07-19 14:11:15,Eva,fail,Wien,PC,login,small
2025-07-19 03:00:22,Anna,fail,Wien,PC,login,small
2025-07-17 13:18:05,Ben,success,Berlin,Handy,login,small
2025-07-17 10:44:55,David,success,Wien,Tablet,login,small
2025-07-18 14:02:17,Eva,success,Wien,PC,login,small
2025-07-17 11:05:43,Eva,success,Wien,PC,login,small
2025-07-20 01:26:06,Ben,success,Berlin,PC,login,small
2025-07-20 16:06:46,Clara,success,Berlin,Tablet,login,small
2025-07-19 22:21:24,Anna,success,Wien,PC,login,small
2025-07-20 08:36:42,Ben,success,Berlin,Handy,login,small
2025-07-17 19:43:58,Clara,success,Berlin,PC,login,small
2025-07-17 17:56:57,Clara,fail,Berlin,Tablet,login,small
2025-07-20 05:36:05,David,success,Wien,Handy,login,small
2025-07-19 23:42:12,David,success,Wien,Handy,login,small
2025-07-17 13:14:14,Eva,success,Wien,PC,login,small
2025-07-17 16:12:14,Eva,success,Wien,Tablet,login,small
2025-07-19 16:32:18,Clara,success,Berlin,PC,login,small
2025-07-20 16:36:26,Eva,fail,Wien,PC,login,small
2025-07-20 02:19:27,Eva,success,Wien,Handy,login,small
2025-07-18 19:28:05,Clara,success,Berlin,PC,login,small
2025-07-18 19:26:01,Clara,success,Berlin,Tablet,login,small
2025-07-18 23:03:43,Ben,fail,Berlin,PC,login,small
2025-07-19 21:07:34,Clara,success,Berlin,Handy,login,small
2025-07-18 20:21:49,David,fail,Wien,Handy,login,small
2025-07-18 14:01:28,Ben,fail,Berlin,PC,login,small
2025-07-18 07:59:05,David,success,Wien,Handy,login,small
2025-07-17 13:21:48,David,success,Wien,PC,login,small
2025-07-17 23:34:47,Anna,success,Wien,Handy,login,small
2025-07-18 02:07:09,Ben,fail,Berlin,Handy,login,small
2025-07-18 14:24:24,Clara,success,Berlin,PC,login,small
2025-07-19 18:29:48,Anna,success,Wien,PC,login,small
2025-07-17 16:02:31,David,fail,Wien,Handy,login,small
2025-07-20 08:55:30,Ben,success,Berlin,Tablet,login,small
2025-07-18 13:35:46,Eva,success,Wien,Handy,login,small
2025-07-18 10:04:32,Anna,success,Wien,PC,login,small
2025-07-17 14:57:27,Eva,success,Wien,Tablet,login,small
2025-07-17 09:16:55,Eva,fail,Wien,Handy,login,small
2025-07-17 13:59:15,Ben,fail,Berlin,PC,login,small
2025-07-20 04:35:22,David,success,Wien,Tablet,login,small
2025-07-18 07:49:40,Clara,fail,Berlin,PC,login,small
2025-07-20 12:14:06,Ben,success,Berlin,Tablet,login,small
2025-07-17 12:08:22,Eva,fail,Wien,Tablet,login,small
2025-07-19 10:31:14,Ben,success,Berlin,PC,login,small
2025-07-18 05:25:06,David,fail,Wien,Handy,login,small
2025-07-17 17:25:55,Anna,success,Wien,PC,login,small
2025-07-17 19:17:45,Eva,success,Wien,Handy,login,small
2025-07-20 06:10:02,Ben,success,Berlin,Handy,login,small
2025-07-17 13:12:31,Anna,success,Wien,PC,login,small
2025-07-17 17:45:51,David,success,Wien,PC,login,small
2025-07-17 19:34:04,Anna,success,Wien,PC,login,small
2025-07-20 14:35:03,Ben,fail,Berlin,Tablet,login,small
2025-07-19 08:44:50,Clara,success,Berlin,Handy,login,small
2025-07-19 07:22:06,Ben,success,Berlin,PC,login,small
2025-07-17 19:10:31,Clara,success,Berlin,PC,login,small
2025-07-18 19:58:05,Anna,success,Wien,PC,login,small
2025-07-20 15:57:40,Clara,success,Berlin,Handy,login,small
2025-07-18 12:10:29,David,success,Wien,PC,login,small
2025-07-20 08:18:07,Eva,success,Wien,Handy,login,small
2025-07-17 21:12:05,Clara,success,Berlin,PC,login,small
2025-07-19 11:13:18,Eva,success,Wien,Tablet,login,small
2025-07-18 23:20:13,Ben,success,Berlin,Tablet,login,small
2025-07-20 08:22:31,Anna,success,Wien,Tablet,login,small
2025-07-19 12:44:00,Ben,fail,Berlin,Handy,login,small
2025-07-18 03:19:13,Clara,success,Berlin,Handy,login,small
2025-07-17 14:18:17,David,success,Wien,Tablet,login,small
2025-07-19 10:32:32,Ben,success,Berlin,Handy,login,small
2025-07-20 11:39:59,Clara,fail,Berlin,Tablet,login,small
2025-07-19 12:04:28,Eva,success,Wien,Tablet,login,small
2025-07-20 08:35:50,David,success,Wien,Tablet,login,small
2025-07-18 21:12:10,Eva,fail,Wien,Handy,login,small
2025-07-20 11:45:14,Eva,success,Wien,Tablet,login,small
2025-07-17 13:33:09,David,success,Wien,PC,login,small
2025-07-20 07:24:50,Eva,fail,Wien,Tablet,login,small
2025-07-17 20:58:08,David,success,Wien,Tablet,login,small
2025-07-20 15:06:13,Clara,fail,Berlin,Tablet,login,small
2025-07-19 17:20:46,Clara,success,Berlin,Tablet,login,small
2025-07-19 02:44:22,David,success,Wien,Handy,login,small
2025-07-18 10:31:05,David,success,Wien,Tablet,login,small
2025-07-17 17:54:57,Eva,success,Wien,PC,login,small
2025-07-20 02:59:09,Clara,success,Berlin,Handy,login,small
2025-07-18 23:34:37,David,fail,Wien,Handy,login,small
2025-07-18 08:21:16,David,success,Wien,PC,login,small
2025-07-17 22:53:35,Clara,success,Berlin,PC,login,small
2025-07-18 02:33:50,David,success,Wien,Tablet,login,small
2025-07-18 05:41:00,Eva,success,Wien,Handy,login,small
2025-07-17 14:34:16,Eva,fail,Wien,Tablet,login,small
2025-07-17 22:42:57,David,fail,Wien,PC,login,small
2025-07-17 21:41:54,Clara,success,Berlin,Handy,login,small
2025-07-17 10:28:07,Eva,success,Wien,PC,login,small
2025-07-17 16:58:52,Eva,success,Wien,Handy,login,small
2025-07-20 01:25:15,Anna,success,Wien,Tablet,login,small
2025-07-19 00:38:29,David,success,Wien,PC,login,small
2025-07-19 17:37:41,Ben,success,Berlin,PC,login,small
2025-07-19 00:01:47,Eva,success,Wien,PC,login,small
2025-07-18 03:48:48,Eva,success,Wien,Tablet,login,small
2025-07-18 23:17:28,Clara,success,Berlin,PC,login,small
2025-07-19 22:15:52,Clara,success,Berlin,Tablet,login,small
2025-07-19 13:07:08,David,success,Wien,Tablet,login,small
2025-07-19 00:17:47,David,fail,Wien,PC,login,small
2025-07-18 06:01:43,Eva,success,Wien,Handy,login,small
2025-07-20 01:53:39,Anna,fail,Wien,Tablet,login,small
2025-07-17 13:18:44,David,success,Wien,Handy,login,small
2025-07-19 23:09:37,David,success,Wien,Handy,login,small
2025-07-17 22:07:34,Anna,fail,Wien,Tablet,login,small
2025-07-20 11:52:24,David,success,Wien,Handy,login,small
2025-07-19 15:50:59,Clara,success,Berlin,PC,login,small
2025-07-17 09:50:51,Eva,fail,Wien,PC,login,small
2025-07-19 06:11:28,Eva,success,Wien,Tablet,login,small
2025-07-19 06:21:13,Ben,fail,Berlin,PC,login,small
2025-07-19 10:47:42,Eva,success,Wien,PC,login,small
2025-07-20 08:20:40,Ben,fail,Berlin,PC,login,small
2025-07-20 01:08:27,David,success,Wien,PC,login,small
2025-07-20 08:58:47,Anna,fail,Wien,Tablet,login,small
2025-07-19 04:12:56,David,fail,Wien,Tablet,login,small
2025-07-19 13:51:19,Anna,success,Wien,PC,login,small
2025-07-19 03:04:16,Ben,success,Berlin,Tablet,login,small
2025-07-19 10:23:09,Ben,success,Berlin,Tablet,login,small
2025-07-20 15:10:00,Anna,success,Wien,Handy,login,small
2025-07-19 17:34:24,Clara,success,Berlin,Handy,login,small
2025-07-18 09:16:28,David,fail,Wien,Handy,login,small
2025-07-17 15:45:00,Anna,success,Wien,Handy,login,small
2025-07-17 15:05:59,Eva,fail,Wien,Tablet,login,small
2025-07-17 20:18:58,Eva,success,Wien,Tablet,login,small
2025-07-18 01:16:36,Anna,success,Wien,PC,login,small
2025-07-18 19:58:31,David,success,Wien,PC,login,small
2025-07-20 06:50:51,Clara,fail,Berlin,Tablet,login,small
2025-07-20 05:47:46,Anna,fail,Wien,PC,login,small
2025-07-18 17:19:41,Clara,success,Berlin,PC,login,small
2025-07-20 06:41:09,Ben,fail,Berlin,PC,login,small
2025-07-17 21:17:27,Ben,fail,Berlin,Handy,login,small
2025-07-19 22:23:04,Ben,fail,Berlin,PC,login,small
2025-07-18 15:01:39,David,fail,Wien,Tablet,login,small
2025-07-17 16:25:37,Ben,success,Berlin,Tablet,login,small
2025-07-19 18:51:01,David,fail,Wien,Tablet,login,small
2025-07-19 13:13:34,Eva,fail,Wien,Handy,login,small
2025-07-19 14:08:55,David,success,Wien,Handy,login,small
2025-07-19 18:40:11,Anna,success,Wien,Tablet,login,small
2025-07-17 16:12:25,Eva,success,Wien,PC,login,small
2025-07-17 16:40:32,David,success,Wien,Handy,login,small
2025-07-17 15:39:20,David,fail,Wien,PC,login,small
2025-07-19 22:54:26,Anna,fail,Wien,Tablet,login,small
2025-07-18 13:09:18,Eva,success,Wien,PC,login,small
2025-07-19 03:23:37,Eva,success,Wien,Handy,login,small
2025-07-18 19:00:02,Eva,success,Wien,PC,login,small
2025-07-20 03:33:49,David,success,Wien,PC,login,small
2025-07-20 12:15:36,David,success,Wien,Tablet,login,small
2025-07-18 18:05:21,David,success,Wien,Handy,login,small
2025-07-19 21:25:16,Anna,success,Wien,Tablet,login,small
2025-07-19 20:40:35,David,success,Wien,Tablet,login,small
2025-07-19 10:56:59,Eva,fail,Wien,Tablet,login,small
2025-07-20 14:16:07,Eva,success,Wien,Tablet,login,small
2025-07-18 18:36:15,Clara,fail,Berlin,Tablet,login,small
2025-07-17 14:31:10,Eva,fail,Wien,PC,login,small
2025-07-18 03:12:25,Clara,success,Berlin,PC,login,small
2025-07-20 08:41:07,Anna,success,Wien,PC,login,small
2025-07-20 05:08:30,Clara,success,Berlin,Tablet,login,small
2025-07-20 15:28:22,Clara,success,Berlin,Handy,login,small
2025-07-18 19:32:55,Anna,success,Wien,Handy,login,small
2025-07-17 12:31:06,David,fail,Wien,Handy,login,small
2025-07-17 14:01:10,Clara,success,Berlin,Tablet,login,small
2025-07-18 02:10:58,Ben,fail,Berlin,Tablet,login,small
2025-07-19 06:09:12,Clara,fail,Berlin,PC,login,small
2025-07-17 20:48:53,Anna,success,Wien,Handy,login,small
2025-07-17 13:49:28,Ben,success,Berlin,PC,login,small
2025-07-17 11:39:00,Ben,success,Berlin,Handy,login,small
2025-07-19 11:22:52,Anna,success,Wien,Handy,login,small
2025-07-18 18:01:14,Ben,success,Berlin,Tablet,login,small
2025-07-19 10:36:35,Anna,success,Wien,Handy,login,small
2025-07-19 00:39:26,David,success,Wien,Handy,login,small
2025-07-18 03:00:20,Ben,success,Berlin,Tablet,login,small
2025-07-20 11:06:16,Eva,success,Wien,Tablet,login,small
2025-07-19 16:49:28,Eva,success,Wien,PC,login,small
2025-07-19 04:58:58,Clara,fail,Berlin,PC,login,small
2025-07-19 06:28:27,Anna,success,Wien,PC,login,small
2025-07-18 05:45:40,Ben,success,Berlin,Handy,login,small
2025-07-19 09:35:44,Ben,success,Berlin,Handy,login,small
2025-07-19 13:54:15,David,fail,Wien,Handy,login,small
2025-07-17 23:14:53,David,success,Wien,Handy,login,small
2025-07-18 19:58:37,David,fail,Wien,PC,login,small
2025-07-18 06:53:01,David,success,Wien,Tablet,login,small
2025-07-19 17:28:59,Eva,success,Wien,PC,login,small
2025-07-19 17:23:02,Anna,success,Wien,Handy,login,small
2025-07-19 19:52:31,Eva,fail,Wien,PC,login,small
2025-07-17 22:08:53,Eva,success,Wien,PC,login,small
2025-07-18 08:56:28,David,fail,Wien,PC,login,small
2025-07-19 16:17:21,Clara,fail,Berlin,PC,login,small
2025-07-20 12:54:15,Anna,success,Wien,PC,login,small
2025-07-19 02:30:56,Clara,fail,Berlin,Handy,login,small
2025-07-17 12:53:06,Anna,success,Wien,PC,login,small
2025-07-19 13:32:19,Ben,fail,Berlin,PC,login,small
2025-07-20 04:28:46,David,success,Wien,Handy,login,small
2025-07-20 04:19:13,Ben,success,Berlin,Tablet,login,small
2025-07-20 16:17:52,Anna,success,Wien,PC,login,small
2025-07-20 01:06:25,Anna,success,Wien,PC,login,small
2025-07-19 14:28:26,Clara,fail,Berlin,Tablet,login,small
2025-07-18 17:47:13,Ben,success,Berlin,Tablet,login,small
2025-07-20 14:30:40,Eva,success,Wien,PC,login,small
2025-07-18 02:04:36,Clara,success,Berlin,PC,login,small
2025-07-18 22:01:12,Anna,success,Wien,Handy,login,small
2025-07-18 11:52:11,Anna,fail,Wien,PC,login,small
2025-07-17 21:49:23,Eva,success,Wien,Handy,login,small
2025-07-20 15:24:32,Clara,success,Berlin,Tablet,login,small
2025-07-17 19:51:21,David,success,Wien,Handy,login,small
2025-07-19 15:10:04,Clara,fail,Berlin,Tablet,login,small
2025-07-17 10:27:17,Ben,success,Berlin,Handy,login,small
2025-07-19 15:26:07,David,success,Wien,PC,login,small
2025-07-18 20:28:58,Ben,success,Berlin,PC,login,small
2025-07-19 18:44:29,Clara,success,Berlin,PC,login,small
2025-07-19 14:53:47,Anna,success,Wien,Tablet,login,small
2025-07-20 03:57:05,Eva,success,Wien,Tablet,login,small
2025-07-18 20:35:48,Ben,fail,Berlin,Tablet,login,small
2025-07-17 19:45:56,Anna,success,Wien,PC,login,small
2025-07-17 15:01:29,Ben,success,Berlin,Tablet,login,small
2025-07-18 12:53:06,Eva,success,Wien,Handy,login,small
2025-07-17 12:02:34,Ben,success,Berlin,PC,login,small
2025-07-19 04:19:49,Ben,success,Berlin,Tablet,login,small
2025-07-18 09:13:55,Anna,fail,Wien,Handy,login,small
2025-07-18 17:46:52,Anna,success,Wien,Handy,login,small
2025-07-19 16:59:39,Clara,fail,Berlin,Tablet,login,small
2025-07-18 20:16:56,Anna,success,Wien,PC,login,small
2025-07-20 15:27:33,Ben,success,Berlin,Handy,login,small
2025-07-19 12:54:03,Anna,success,Wien,Handy,login,small
2025-07-19 23:49:16,Eva,success,Wien,Tablet,login,small
2025-07-18 03:47:41,David,success,Wien,PC,login,small
2025-07-19 22:03:18,Eva,fail,Wien,Handy,login,small
2025-07-19 09:25:58,Ben,success,Berlin,PC,login,small
2025-07-20 04:39:08,Clara,success,Berlin,PC,login,small
2025-07-17 11:18:28,Eva,success,Wien,Tablet,login,small
2025-07-18 11:31:02,Anna,success,Wien,PC,login,small
2025-07-19 09:21:28,Clara,success,Berlin,PC,login,small
2025-07-18 22:52:10,Ben,fail,Berlin,Handy,login,small
2025-07-18 01:58:07,Ben,success,Berlin,PC,login,small
2025-07-18 23:49:48,Anna,fail,Wien,Handy,login,small
2025-07-17 19:18:51,Clara,fail,Berlin,PC,login,small
2025-07-17 09:14:06,Clara,success,Berlin,PC,login,small
2025-07-18 09:28:12,David,success,Wien,Tablet,login,small
2025-07-20 01:57:21,Clara,success,Berlin,PC,login,small
2025-07-17 19:35:02,Anna,success,Wien,Handy,login,small
2025-07-20 11:06:05,Eva,success,Wien,Handy,login,small
2025-07-17 21:17:42,Ben,success,Berlin,Tablet,login,small
2025-07-19 21:46:43,Eva,success,Wien,Tablet,login,small
2025-07-18 04:27:11,Ben,success,Berlin,Tablet,login,small
2025-07-17 21:51:11,Anna,success,Wien,PC,login,small
2025-07-18 17:09:25,Anna,fail,Wien,PC,login,small
2025-07-18 09:18:18,Clara,success,Berlin,Tablet,login,small
2025-07-18 19:41:02,Ben,success,Berlin,Handy,login,small
2025-07-18 05:28:06,Ben,success,Berlin,Tablet,login,small
2025-07-18 10:22:42,Clara,success,Berlin,Tablet,login,small
2025-07-18 04:58:27,David,success,Wien,PC,login,small
2025-07-19 09:10:16,Ben,success,Berlin,Tablet,login,small
2025-07-19 15:56:15,Anna,success,Wien,Handy,login,small
2025-07-18 11:18:24,David,success,Wien,Handy,login,small
2025-07-19 12:02:14,Clara,fail,Berlin,PC,login,small
2025-07-18 15:25:56,Anna,success,Wien,Tablet,login,small
2025-07-19 15:34:49,Anna,success,Wien,Handy,login,small
2025-07-19 00:47:13,Eva,success,Wien,PC,login,small
2025-07-20 09:00:14,Anna,fail,Wien,Tablet,login,small
2025-07-17 09:02:06,Clara,success,Berlin,PC,login,small
2025-07-17 17:28:55,Clara,success,Berlin,PC,login,small
2025-07-18 11:11:10,Clara,fail,Berlin,Handy,login,small
2025-07-17 15:17:51,Ben,success,Berlin,Tablet,login,small
2025-07-19 11:23:28,Clara,success,Berlin,Tablet,login,small
2025-07-19 01:40:00,Clara,fail,Berlin,PC,login,small
2025-07-19 15:06:16,Ben,success,Berlin,Tablet,login,small
2025-07-19 09:54:49,David,success,Wien,PC,login,small
2025-07-17 14:00:47,Clara,fail,Berlin,Tablet,login,small
2025-07-17 17:13:12,Anna,success,Wien,Handy,login,small
2025-07-18 10:50:08,Clara,success,Berlin,Handy,login,small
2025-07-20 00:18:17,Eva,fail,Wien,Handy,login,small
2025-07-20 10:51:32,Clara,success,Berlin,Tablet,login,small
2025-07-17 16:35:50,Eva,success,Wien,Tablet,login,small
2025-07-18 20:57:53,Ben,success,Berlin,Tablet,login,small
2025-07-19 05:45:52,David,success,Wien,Tablet,login,small
2025-07-19 07:28:00,Anna,success,Wien,Handy,login,small
2025-07-20 08:30:26,Ben,success,Berlin,Tablet,login,small
2025-07-17 20:33:26,Anna,fail,Wien,Tablet,login,small
2025-07-18 16:10:21,Clara,success,Berlin,PC,login,small
2025-07-18 08:34:56,Anna,success,Wien,Tablet,login,small
2025-07-18 18:39:32,David,success,Wien,Tablet,login,small
2025-07-19 23:10:10,Ben,success,Berlin,Handy,login,small
2025-07-19 04:43:01,Ben,fail,Berlin,PC,login,small
2025-07-18 23:49:49,Ben,success,Berlin,Tablet,login,small
2025-07-18 00:16:56,Clara,fail,Berlin,PC,login,small
2025-07-18 12:21:46,Ben,success,Berlin,Tablet,login,small
2025-07-20 10:01:53,Ben,success,Berlin,PC,login,small
2025-07-19 14:04:36,Anna,success,Wien,Tablet,login,small
2025-07-20 10:06:46,Anna,success,Wien,PC,login,small
2025-07-17 22:36:24,Clara,success,Berlin,Handy,login,small
2025-07-18 22:27:49,David,success,Wien,PC,login,small
2025-07-20 00:14:05,Clara,fail,Berlin,Tablet,login,small
2025-07-17 19:41:07,Anna,fail,Wien,Handy,login,small
2025-07-20 00:29:36,Anna,fail,Wien,Handy,login,small
2025-07-20 15:32:42,Ben,success,Berlin,PC,login,small
2025-07-20 08:26:26,Anna,fail,Wien,PC,login,small
2025-07-19 00:59:06,David,fail,Wien,Tablet,login,small
2025-07-18 00:59:05,Ben,success,Berlin,Tablet,login,small
2025-07-19 11:23:35,Anna,fail,Wien,Handy,login,small
2025-07-18 06:02:46,Clara,fail,Berlin,Tablet,login,small
2025-07-20 05:15:56,Ben,success,Berlin,PC,login,small
2025-07-20 13:29:38,David,success,Wien,Handy,login,small
2025-07-18 22:11:23,David,success,Wien,PC,login,small
2025-07-19 03:55:55,Clara,success,Berlin,PC,login,small
2025-07-19 12:51:57,Ben,success,Berlin,Tablet,login,small
2025-07-20 07:26:58,David,success,Wien,PC,login,small
2025-07-18 16:20:16,David,success,Wien,Tablet,login,small
2025-07-19 22:59:25,Clara,fail,Berlin,Tablet,login,small
2025-07-17 22:38:35,Eva,fail,Wien,Tablet,login,small
2025-07-19 07:20:07,Clara,success,Berlin,PC,login,small
2025-07-19 04:56:51,Eva,fail,Wien,Tablet,login,small
2025-07-19 18:15:11,David,success,Wien,PC,login,small
2025-07-18 03:43:55,David,success,Wien,PC,login,small
2025-07-17 23:25:34,Eva,success,Wien,Tablet,login,small
2025-07-18 21:01:35,David,fail,Wien,Handy,login,small
2025-07-19 04:29:02,Anna,success,Wien,Tablet,login,small
2025-07-19 16:52:32,Eva,fail,Wien,PC,login,small
2025-07-19 09:24:53,Ben,success,Berlin,Handy,login,small
2025-07-19 11:12:40,David,success,Wien,PC,login,small
2025-07-19 17:34:47,Clara,success,Berlin,Handy,login,small
2025-07-19 08:43:49,Ben,success,Berlin,Tablet,login,small
2025-07-17 16:51:35,Anna,fail,Wien,PC,login,small
2025-07-20 06:04:43,Ben,success,Berlin,PC,login,small
2025-07-19 12:10:45,Eva,success,Wien,PC,login,small
2025-07-18 02:52:03,Clara,fail,Berlin,Handy,login,small
2025-07-18 08:03:09,Anna,success,Wien,Tablet,login,small
2025-07-18 23:47:19,Eva,success,Wien,Handy,login,small
2025-07-19 02:03:40,Anna,success,Wien,Tablet,login,small
2025-07-20 16:13:25,Clara,fail,Berlin,Handy,login,small
2025-07-20 15:32:35,Clara,success,Berlin,PC,login,small
2025-07-17 16:26:30,Ben,success,Berlin,PC,login,small
2025-07-19 15:36:22,Ben,success,Berlin,PC,login,small
2025-07-18 21:15:23,Eva,success,Wien,Tablet,login,small
2025-07-20 14:49:34,Ben,success,Berlin,PC,login,small
2025-07-20 12:55:18,Clara,success,Berlin,PC,login,small
2025-07-20 11:09:39,Clara,success,Berlin,Handy,login,small
2025-07-19 04:39:24,David,success,Wien,PC,login,small
2025-07-18 22:20:15,Eva,success,Wien,Handy,login,small
2025-07-18 20:55:12,Eva,success,Wien,Handy,login,small
2025-07-20 10:06:00,Anna,success,Wien,Handy,login,small
2025-07-18 07:35:17,David,success,Wien,Tablet,login,small
2025-07-19 00:19:24,Anna,fail,Wien,PC,login,small
2025-07-20 12:53:57,Clara,success,Berlin,PC,login,small
2025-07-19 10:14:07,Ben,success,Berlin,PC,login,small
2025-07-19 11:51:02,Anna,success,Wien,PC,login,small
2025-07-18 15:40:48,David,success,Wien,Tablet,login,small
2025-07-17 16:24:01,Eva,success,Wien,Handy,login,small
2025-07-20 02:29:56,David,success,Wien,Handy,login,small
2025-07-18 08:56:42,Anna,success,Wien,PC,login,small
2025-07-17 17:09:35,Clara,success,Berlin,Handy,login,small
2025-07-20 15:32:33,Anna,success,Wien,PC,login,small
2025-07-19 01:08:48,Ben,success,Berlin,Tablet,login,small
2025-07-19 12:13:43,Anna,fail,Wien,Tablet,login,small
2025-07-18 08:00:44,Clara,fail,Berlin,Handy,login,small
2025-07-18 02:47:57,David,success,Wien,Tablet,login,small
2025-07-19 21:40:41,Anna,success,Wien,PC,login,small
2025-07-20 15:51:16,David,fail,Wien,PC,login,small
2025-07-19 07:56:04,David,fail,Wien,Handy,login,small
2025-07-19 09:18:00,Clara,success,Berlin,Handy,login,small
2025-07-19 07:43:49,Ben,success,Berlin,Tablet,login,small
2025-07-18 23:08:46,David,success,Wien,Handy,login,small
2025-07-18 01:10:43,Anna,success,Wien,PC,login,small
2025-07-17 16:41:52,David,success,Wien,Handy,login,small
2025-07-19 17:22:47,Ben,success,Berlin,Tablet,login,small
2025-07-18 20:02:11,Ben,fail,Berlin,Handy,login,small
2025-07-20 11:52:16,Eva,success,Wien,Handy,login,small
2025-07-20 15:19:34,David,success,Wien,PC,login,small
2025-07-20 15:09:02,Eva,success,Wien,PC,login,small
2025-07-18 04:48:35,Clara,success,Berlin,PC,login,small
2025-07-18 23:06:02,Eva,success,Wien,Tablet,login,small
2025-07-18 03:40:15,Clara,success,Berlin,Tablet,login,small
2025-07-17 10:06:40,Ben,success,Berlin,PC,login,small
2025-07-20 10:31:52,Ben,success,Berlin,Handy,login,small
2025-07-18 14:44:19,Anna,fail,Wien,PC,login,small
2025-07-18 14:19:30,Ben,success,Berlin,Tablet,login,small
2025-07-20 10:23:43,David,success,Wien,PC,login,small
2025-07-17 15:24:09,Anna,success,Wien,Tablet,login,small
2025-07-19 21:35:26,Eva,success,Wien,Handy,login,small
2025-07-19 12:29:00,Clara,success,Berlin,Handy,login,small
2025-07-19 03:10:36,David,success,Wien,Handy,login,small
2025-07-19 21:30:41,Clara,success,Berlin,Tablet,login,small
2025-07-17 12:59:57,Anna,success,Wien,Handy,login,small
2025-07-19 02:25:43,Anna,fail,Wien,Handy,login,small
2025-07-18 19:21:24,David,success,Wien,Handy,login,small
2025-07-18 20:02:41,Clara,success,Berlin,Tablet,login,small
2025-07-20 12:08:56,Anna,success,Wien,Tablet,login,small
2025-07-19 13:36:47,David,fail,Wien,PC,login,small
2025-07-18 06:10:18,Ben,success,Berlin,Tablet,login,small
2025-07-19 07:48:22,Anna,fail,Wien,PC,login,small
2025-07-17 20:38:34,Ben,success,Berlin,Handy,login,small
2025-07-19 00:08:52,Eva,success,Wien,PC,login,small
2025-07-19 14:49:12,David,success,Wien,Handy,login,small
2025-07-20 12:51:00,Anna,success,Wien,Tablet,login,small
2025-07-17 15:48:58,Ben,success,Berlin,Tablet,login,small
2025-07-18 13:42:35,Clara,fail,Berlin,Handy,login,small
2025-07-20 12:32:47,Clara,success,Berlin,Tablet,login,small
2025-07-17 19:54:58,David,success,Wien,Handy,login,small
2025-07-20 08:15:08,Anna,fail,Wien,Tablet,login,small
2025-07-17 22:29:15,Anna,success,Wien,Tablet,login,small
2025-07-19 12:07:58,Clara,success,Berlin,Handy,login,small
2025-07-18 19:54:17,Ben,success,Berlin,PC,login,small
2025-07-17 09:25:42,Anna,success,Wien,PC,login,small
2025-07-18 02:59:32,Eva,success,Wien,Handy,login,small
2025-07-20 14:49:21,David,success,Wien,PC,login,small
2025-07-18 05:05:03,Clara,success,Berlin,Handy,login,small
2025-07-18 12:26:46,Anna,success,Wien,Handy,login,small
2025-07-18 09:37:48,Ben,success,Berlin,Handy,login,small
2025-07-18 09:44:05,Clara,fail,Berlin,Handy,login,small
2025-07-18 08:53:19,Anna,fail,Wien,Tablet,login,small
2025-07-18 08:03:06,Eva,success,Wien,PC,login,small
2025-07-19 03:59:42,Ben,fail,Berlin,PC,login,small
2025-07-19 01:59:10,Eva,fail,Wien,Tablet,login,small
2025-07-18 15:53:15,Eva,success,Wien,Tablet,login,small
2025-07-18 14:28:01,David,success,Wien,PC,login,small
2025-07-17 15:28:09,Ben,success,Berlin,Handy,login,small
2025-07-19 10:42:34,Eva,success,Wien,PC,login,small
2025-07-17 17:57:34,Eva,success,Wien,Tablet,login,small
2025-07-18 10:58:21,David,success,Wien,PC,login,small
2025-07-18 21:16:00,Anna,success,Wien,Handy,login,small
2025-07-19 05:29:56,Eva,success,Wien,Tablet,login,small
2025-07-17 09:29:19,Eva,success,Wien,Handy,login,small
2025-07-18 16:16:21,Clara,fail,Berlin,Handy,login,small
2025-07-19 08:43:56,Eva,success,Wien,Handy,login,small
2025-07-20 04:26:44,Clara,success,Berlin,Handy,login,small
2025-07-19 15:51:24,Clara,success,Berlin,Tablet,login,small
2025-07-20 08:53:15,Ben,success,Berlin,PC,login,small
2025-07-20 16:07:01,Ben,fail,Berlin,PC,login,small
2025-07-19 13:00:10,Clara,success,Berlin,Tablet,login,small
2025-07-20 11:21:23,Ben,success,Berlin,PC,login,small
2025-07-17 18:38:18,Ben,fail,Berlin,Handy,login,small
2025-07-18 14:25:47,Anna,fail,Wien,Handy,login,small
2025-07-18 21:06:21,Ben,success,Berlin,Tablet,login,small
2025-07-18 12:50:35,Ben,fail,Berlin,Handy,login,small
2025-07-19 04:08:06,David,success,Wien,PC,login,small
2025-07-20 12:48:53,Clara,fail,Berlin,Handy,login,small
2025-07-20 02:36:15,Anna,success,Wien,Handy,login,small
2025-07-17 09:54:27,Anna,success,Wien,Tablet,login,small
2025-07-17 23:35:28,Eva,success,Wien,PC,login,small
2025-07-19 02:07:36,David,success,Wien,Handy,login,small
2025-07-19 02:01:58,Ben,success,Berlin,PC,login,small
2025-07-18 14:41:24,Anna,fail,Wien,PC,login,small
2025-07-20 12:51:49,Clara,success,Berlin,Tablet,login,small
2025-07-17 12:03:43,Eva,success,Wien,Tablet,login,small
2025-07-20 13:12:09,Eva,success,Wien,PC,login,small
2025-07-18 23:25:11,David,fail,Wien,Handy,login,small
2025-07-17 10:06:54,Anna,fail,Wien,PC,login,small
2025-07-19 02:42:48,David,success,Wien,PC,login,small
2025-07-17 12:08:58,Eva,success,Wien,Tablet,login,small
2025-07-19 20:31:23,Eva,fail,Wien,Tablet,login,small
2025-07-18 18:22:31,David,success,Wien,Handy,login,small
2025-07-17 22:18:35,Eva,fail,Wien,PC,login,small
2025-07-18 04:37:20,David,success,Wien,Handy,login,small
2025-07-20 00:00:14,Clara,fail,Berlin,Handy,login,small
2025-07-18 03:15:26,Eva,success,Wien,Tablet,login,small
2025-07-18 11:09:39,Eva,fail,Wien,PC,login,small
2025-07-18 09:58:50,Ben,fail,Berlin,Handy,login,small
2025-07-18 14:24:38,Ben,success,Berlin,PC,login,small
2025-07-19 01:55:13,Ben,success,Berlin,PC,login,small
2025-07-19 07:23:01,Eva,success,Wien,PC,login,small
2025-07-17 11:13:27,Ben,success,Berlin,PC,login,small
2025-07-20 16:26:17,Clara,success,Berlin,Tablet,login,small
2025-07-17 09:44:53,Anna,success,Wien,Tablet,login,small
2025-07-19 19:43:48,Clara,success,Berlin,PC,login,small
2025-07-19 22:09:44,Anna,success,Wien,Tablet,login,small
2025-07-20 16:05:18,Clara,fail,Berlin,Tablet,login,small
2025-07-18 12:34:59,Ben,success,Berlin,PC,login,small
2025-07-19 20:25:42,David,success,Wien,Handy,login,small
2025-07-19 01:13:10,Anna,success,Wien,Tablet,login,small
2025-07-19 00:05:34,Anna,fail,Wien,PC,login,small
2025-07-18 21:29:33,Ben,success,Berlin,Handy,login,small
2025-07-18 07:14:37,Anna,success,Wien,Handy,login,small
2025-07-18 13:44:41,David,success,Wien,PC,login,small
2025-07-19 22:01:26,Eva,fail,Wien,Handy,login,small
2025-07-18 10:05:00,Eva,success,Paris,Tablet,login,small
2025-07-17 12:54:20,Ben,success,Berlin,PC,login,small
2025-07-18 07:49:12,Ben,success,Berlin,Tablet,login,small
2025-07-18 19:28:43,Ben,success,Berlin,PC,login,small
2025-07-18 16:45:52,Clara,fail,Berlin,Tablet,login,small
2025-07-20 08:26:58,David,fail,Wien,Handy,login,small
2025-07-20 06:05:10,David,success,Wien,Tablet,login,small
2025-07-18 11:14:36,Eva,fail,Wien,PC,login,small
2025-07-18 05:14:07,Ben,fail,Berlin,Tablet,login,small
2025-07-18 04:07:20,Anna,fail,Wien,Tablet,login,small
2025-07-18 02:47:24,Anna,success,Wien,Handy,login,small
2025-07-20 02:27:39,Eva,success,Wien,Tablet,login,small
2025-07-20 03:43:01,Ben,success,Berlin,Handy,login,small
2025-07-20 11:28:13,Ben,success,Berlin,PC,login,small
2025-07-20 03:34:50,Clara,fail,Berlin,PC,login,small
2025-07-18 22:56:42,David,fail,Wien,Tablet,login,small
2025-07-18 23:43:27,Clara,success,Berlin,Handy,login,small
2025-07-17 13:32:44,Eva,fail,Wien,Tablet,login,small
2025-07-18 02:11:17,David,fail,Wien,Tablet,login,small
2025-07-17 23:42:01,David,success,Wien,Handy,login,small
2025-07-17 09:45:47,David,success,Wien,PC,login,small
2025-07-18 07:09:27,Clara,fail,Berlin,Tablet,login,small
2025-07-20 10:19:32,David,success,Wien,Tablet,login,small
2025-07-18 10:51:10,Clara,success,Berlin,Handy,login,small
2025-07-19 14:19:22,Eva,success,Wien,PC,login,small
2025-07-19 20:25:20,Clara,success,Berlin,Tablet,login,small
2025-07-18 10:36:33,Eva,success,Wien,Handy,login,small
2025-07-20 07:13:21,Clara,fail,Berlin,Tablet,login,small
2025-07-20 16:51:26,Eva,success,Wien,Handy,login,small
2025-07-19 16:52:43,Eva,success,Wien,Handy,login,small
2025-07-20 07:54:26,Eva,success,Wien,Tablet,login,small
2025-07-19 19:49:51,David,fail,Wien,PC,login,small
2025-07-18 17:20:21,Eva,fail,Wien,PC,login,small
2025-07-18 21:39:54,Ben,fail,Berlin,Tablet,login,small
2025-07-18 03:08:38,Anna,fail,Wien,Tablet,login,small
2025-07-18 00:49:18,Eva,success,Wien,Tablet,login,small
2025-07-20 13:21:47,Clara,success,Berlin,Handy,login,small
2025-07-17 14:35:59,Clara,success,Berlin,PC,login,small
2025-07-17 15:27:55,Eva,success,Wien,Tablet,login,small
2025-07-19 02:31:43,Anna,fail,Wien,Tablet,login,small
2025-07-20 04:35:07,Eva,fail,Wien,PC,login,small
2025-07-18 20:02:21,Eva,success,Wien,Handy,login,small
2025-07-18 22:57:52,Clara,success,Berlin,Tablet,login,small
2025-07-20 13:48:52,Anna,success,Wien,Handy,login,small
2025-07-19 09:12:12,Eva,success,Wien,PC,login,small
2025-07-19 00:34:43,Clara,success,Berlin,Tablet,login,small
2025-07-18 15:44:47,Eva,success,Wien,Handy,login,small
2025-07-17 19:46:05,David,fail,Wien,PC,login,small
2025-07-20 02:22:45,David,success,Wien,PC,login,small
2025-07-18 15:34:38,Clara,fail,Berlin,Tablet,login,small
2025-07-20 12:46:31,Clara,success,Berlin,Handy,login,small
2025-07-20 09:45:49,Anna,fail,Wien,Tablet,login,small
2025-07-19 01:35:06,Eva,success,Wien,Tablet,login,small
2025-07-19 00:15:39,David,success,Wien,Tablet,login,small
2025-07-19 02:06:19,Anna,success,Wien,PC,login,small
2025-07-20 13:14:46,Eva,success,Wien,Tablet,login,small
2025-07-20 02:11:17,Ben,success,Berlin,PC,login,small
2025-07-18 20:36:17,Anna,success,Wien,Handy,login,small
2025-07-18 14:35:30,Eva,success,Wien,PC,login,small
2025-07-19 09:43:19,Eva,success,Wien,PC,login,small
2025-07-19 21:11:28,Ben,success,Berlin,Tablet,login,small
2025-07-18 00:15:17,Anna,success,Wien,Tablet,login,small
2025-07-18 04:34:27,Anna,success,Wien,Handy,login,small
2025-07-19 04:32:10,Ben,success,Berlin,Tablet,login,small
2025-07-19 07:42:32,Anna,success,Wien,Handy,login,small
2025-07-20 15:13:21,Clara,success,Berlin,PC,login,small
2025-07-19 10:49:34,Ben,success,Berlin,PC,login,small
2025-07-20 11:08:21,Ben,fail,Berlin,Handy,login,small
2025-07-19 17:26:36,David,fail,Wien,Tablet,login,small
2025-07-19 18:22:04,Anna,success,Wien,Handy,login,small
2025-07-18 09:56:20,Eva,success,Wien,PC,login,small
2025-07-18 05:16:31,Ben,fail,Berlin,Tablet,login,small
2025-07-18 14:26:17,Ben,success,Berlin,Handy,login,small
2025-07-18 20:01:48,Anna,fail,Wien,Tablet,login,small
2025-07-18 22:07:09,Eva,success,Wien,Tablet,login,small
2025-07-20 12:58:58,Eva,fail,Wien,Tablet,login,small
2025-07-19 03:11:18,David,success,Wien,Tablet,login,small
2025-07-18 01:51:32,Clara,success,Berlin,Tablet,login,small
2025-07-19 03:23:58,David,success,Wien,Tablet,login,small
2025-07-19 10:03:35,Eva,success,Wien,Handy,login,small
2025-07-19 10:27:27,Eva,success,Wien,Tablet,login,small
2025-07-18 03:55:48,Ben,success,Berlin,PC,login,small
2025-07-18 10:06:37,David,fail,Wien,PC,login,small
2025-07-19 21:02:19,Eva,success,Wien,Tablet,login,small
2025-07-17 10:31:26,Ben,fail,Berlin,Handy,login,small
2025-07-18 11:00:07,Anna,success,Wien,Handy,login,small
2025-07-17 20:25:57,David,success,Wien,Tablet,login,small
2025-07-18 15:55:17,David,success,Wien,Handy,login,small
2025-07-19 21:35:34,David,success,Wien,Tablet,login,small
2025-07-18 04:48:15,David,success,Wien,Tablet,login,small
2025-07-20 16:37:43,Ben,fail,Berlin,Tablet,login,small
2025-07-20 10:28:00,Ben,success,Berlin,Handy,login,small
2025-07-19 22:05:30,Anna,success,Wien,Handy,login,small
2025-07-19 02:32:01,David,success,Wien,Handy,login,small
2025-07-19 04:03:22,Ben,success,Berlin,Handy,login,small
2025-07-17 23:09:50,Eva,fail,Wien,Tablet,login,small
2025-07-19 22:09:38,Eva,success,Wien,PC,login,small
2025-07-18 16:20:59,Anna,fail,Wien,Tablet,login,small
2025-07-19 21:18:58,Ben,success,Berlin,Handy,login,small
2025-07-19 14:37:55,Clara,success,Berlin,Tablet,login,small
2025-07-18 09:25:58,Eva,success,Wien,PC,login,small
2025-07-19 04:07:12,David,success,Wien,Tablet,login,small
2025-07-17 09:26:45,Anna,success,Wien,Handy,login,small
2025-07-20 06:02:30,David,fail,Wien,Tablet,login,small
2025-07-19 20:11:30,Anna,fail,Wien,Handy,login,small
2025-07-17 23:22:25,Ben,fail,Berlin,Tablet,login,small
2025-07-18 18:06:16,Ben,success,Berlin,PC,login,small
2025-07-18 12:05:32,Anna,success,Wien,PC,login,small
2025-07-20 10:45:17,Clara,fail,Berlin,Handy,login,small
2025-07-20 14:36:44,David,fail,Wien,PC,login,small
2025-07-18 12:54:57,David,success,Wien,PC,login,small
2025-07-18 23:12:21,Anna,fail,Wien,Tablet,login,small
2025-07-17 15:41:11,Ben,success,Berlin,PC,login,small
2025-07-19 16:04:46,Ben,success,Berlin,Handy,login,small
2025-07-19 17:11:23,Eva,fail,Wien,Tablet,login,small
2025-07-17 19:55:53,David,success,Wien,Tablet,login,small
2025-07-19 06:00:49,Clara,success,Berlin,PC,login,small
2025-07-20 05:32:06,Eva,fail,Wien,Handy,login,small
2025-07-18 21:58:41,Clara,success,Berlin,PC,login,small
2025-07-17 10:32:49,Clara,success,Berlin,PC,login,small
2025-07-19 02:34:06,Anna,fail,Wien,Tablet,login,small
2025-07-18 19:27:20,Anna,success,Wien,Tablet,login,small
2025-07-20 07:11:49,Eva,success,Wien,Tablet,login,small
2025-07-20 05:49:14,David,success,Wien,Handy,login,small
2025-07-19 18:40:24,Anna,success,Wien,Tablet,login,small
2025-07-18 04:46:20,David,success,Wien,Handy,login,small
2025-07-20 05:52:20,Clara,success,Berlin,Handy,login,small
2025-07-19 02:53:30,David,success,Wien,Handy,login,small
2025-07-19 22:06:03,Ben,fail,Berlin,Handy,login,small
2025-07-19 14:54:13,Clara,fail,Berlin,PC,login,small
2025-07-19 07:16:59,Ben,fail,Berlin,Handy,login,small
2025-07-20 13:50:33,Eva,success,Wien,PC,login,small
2025-07-18 14:03:12,Anna,success,Wien,Handy,login,small
2025-07-18 22:05:15,Eva,fail,Wien,PC,login,small
2025-07-19 13:06:03,Clara,fail,Berlin,Tablet,login,small
2025-07-19 16:37:24,Eva,success,Wien,Handy,login,small
2025-07-17 10:36:41,Clara,success,Berlin,Handy,login,small
2025-07-20 06:51:32,Ben,fail,Berlin,Tablet,login,small
2025-07-18 17:54:11,Anna,success,Wien,PC,login,small
2025-07-20 04:13:03,Ben,fail,Berlin,PC,login,small
2025-07-17 10:55:49,Clara,success,Berlin,PC,login,small
2025-07-18 00:21:58,Anna,success,Wien,PC,login,small
2025-07-17 13:54:00,David,fail,Wien,PC,login,small
2025-07-17 12:55:53,David,success,Wien,Tablet,login,small
2025-07-17 10:53:21,Ben,fail,Berlin,Handy,login,small
2025-07-19 07:03:58,Anna,fail,Wien,Tablet,login,small
2025-07-17 12:45:45,Eva,fail,Wien,PC,login,small
2025-07-18 14:13:06,Anna,success,Wien,Handy,login,small
2025-07-17 11:24:26,David,fail,Wien,PC,login,small
2025-07-17 16:14:29,Anna,success,Wien,Handy,login,small
2025-07-18 04:23:56,Eva,success,Wien,Handy,login,small
2025-07-17 16:50:51,Clara,success,Berlin,PC,login,small
2025-07-18 07:04:19,David,fail,Wien,Tablet,login,small
2025-07-18 00:26:49,Eva,success,Wien,PC,login,small
2025-07-18 16:15:47,Eva,success,Wien,Tablet,login,small
2025-07-17 21:06:25,Anna,fail,Wien,PC,login,small
2025-07-18 11:50:46,Anna,success,Wien,Handy,login,small
2025-07-20 16:21:58,Eva,success,Wien,PC,login,small
2025-07-19 23:45:28,Clara,success,Berlin,Handy,login,small
2025-07-18 22:05:54,Clara,success,Berlin,Handy,login,small
2025-07-18 21:54:34,Eva,success,Wien,Handy,login,small
2025-07-20 16:21:08,Ben,success,Berlin,Handy,login,small
2025-07-19 07:00:56,Clara,success,Berlin,Handy,login,small
2025-07-19 05:07:03,Ben,fail,Berlin,Handy,login,small
2025-07-17 16:41:03,David,fail,Wien,Handy,login,small
2025-07-19 06:48:19,Anna,success,Wien,PC,login,small
2025-07-17 23:21:03,Clara,fail,Berlin,Handy,login,small
2025-07-17 17:25:06,David,success,Wien,Handy,login,small
2025-07-19 22:09:16,David,success,Wien,Handy,login,small
2025-07-18 14:50:50,Eva,success,Wien,Tablet,login,small
2025-07-17 19:38:24,Ben,success,Berlin,PC,login,small
2025-07-18 23:17:35,Eva,fail,Wien,Handy,login,small
2025-07-20 11:01:08,Eva,success,Wien,PC,login,small
2025-07-18 15:32:25,David,success,Wien,Tablet,login,small
2025-07-19 20:27:37,Eva,success,Wien,Tablet,login,small
2025-07-18 06:12:05,Clara,fail,Berlin,PC,login,small
2025-07-17 16:12:19,Ben,success,Berlin,Handy,login,small
2025-07-17 09:20:52,David,success,Wien,PC,login,small
2025-07-19 13:25:51,Clara,success,Berlin,PC,login,small
2025-07-19 11:07:28,Ben,success,Berlin,PC,login,small
2025-07-18 19:08:03,Anna,success,Wien,Tablet,login,small
2025-07-17 11:06:01,Ben,success,Berlin,Tablet,login,small
2025-07-17 18:36:00,David,fail,Wien,PC,login,small
2025-07-20 13:12:07,Anna,fail,Wien,PC,login,small
2025-07-20 03:21:37,Ben,fail,Berlin,Tablet,login,small
2025-07-18 21:51:57,Anna,success,Wien,PC,login,small
2025-07-20 10:52:36,Ben,success,Berlin,Tablet,login,small
2025-07-18 15:14:32,Anna,success,Wien,PC,login,small
2025-07-18 12:49:18,David,fail,Wien,Handy,login,small
2025-07-19 13:31:29,Anna,fail,Wien,Handy,login,small
2025-07-20 01:36:44,Anna,success,Wien,PC,login,small
2025-07-19 01:16:30,Anna,success,Wien,PC,login,small
2025-07-20 07:06:17,David,success,Wien,Tablet,login,small
2025-07-20 08:23:29,Eva,success,Wien,Handy,login,small
2025-07-19 04:45:04,Anna,fail,Wien,Tablet,login,small
2025-07-20 10:46:04,Anna,success,Wien,PC,login,small
2025-07-20 05:58:40,Clara,success,Berlin,PC,login,small
2025-07-17 14:14:48,Eva,fail,Wien,PC,login,small
2025-07-19 18:48:44,Clara,success,Berlin,PC,login,small
2025-07-18 18:54:56,Clara,success,Berlin,Handy,login,small
2025-07-17 15:33:44,Ben,success,Berlin,Handy,login,small
2025-07-18 06:31:45,Ben,success,Berlin,Handy,login,small
2025-07-17 21:49:57,Anna,success,Wien,PC,login,small
2025-07-17 23:03:32,Clara,success,Berlin,Tablet,login,small
2025-07-19 03:38:07,Ben,fail,Berlin,Handy,login,small
2025-07-19 13:58:30,David,success,Wien,Tablet,login,small
2025-07-19 12:01:15,Clara,success,Berlin,Handy,login,small
2025-07-18 13:36:14,David,success,Wien,PC,login,small
2025-07-17 09:47:49,Eva,success,Wien,Tablet,login,small
2025-07-19 10:04:19,David,success,Wien,Handy,login,small
2025-07-19 20:41:19,Ben,success,Berlin,Handy,login,small
2025-07-20 00:57:09,Eva,fail,Wien,Tablet,login,small
2025-07-19 11:56:41,Anna,fail,Wien,Handy,login,small
2025-07-19 13:52:27,Clara,success,Berlin,PC,login,small
2025-07-20 00:56:43,Clara,fail,Berlin,PC,login,small
2025-07-20 05:05:21,Eva,success,Wien,Handy,login,small
2025-07-19 23:45:13,Clara,fail,Berlin,Tablet,login,small
2025-07-19 18:06:55,Eva,fail,Wien,PC,login,small
2025-07-18 05:04:34,Eva,fail,Wien,Handy,login,small
2025-07-19 06:18:41,Anna,fail,Wien,Tablet,login,small
2025-07-20 16:33:49,Ben,success,Berlin,PC,login,small
2025-07-20 04:18:09,Ben,success,Berlin,PC,login,small
2025-07-19 01:05:56,Clara,fail,Berlin,Tablet,login,small
2025-07-19 23:55:07,David,success,Wien,Handy,login,small
2025-07-19 10:50:26,David,success,Wien,PC,login,small
2025-07-18 02:27:03,David,success,Wien,Tablet,login,small
2025-07-17 12:23:39,Ben,success,Berlin,Handy,login,small
2025-07-18 13:33:15,Anna,success,Wien,Handy,login,small
2025-07-19 19:31:46,David,success,Wien,PC,login,small
2025-07-19 20:35:32,Ben,fail,Berlin,Handy,login,small
2025-07-18 06:49:47,Eva,fail,Wien,PC,login,small
2025-07-19 18:40:06,David,success,Wien,Handy,login,small
2025-07-18 23:47:29,Eva,success,Wien,PC,login,small
2025-07-19 15:33:02,Clara,success,Berlin,Handy,login,small
2025-07-19 10:03:35,Eva,success,Wien,Handy,login,small
2025-07-20 11:19:12,Ben,fail,Berlin,PC,login,small
2025-07-20 08:34:25,Clara,fail,Berlin,PC,login,small
2025-07-20 08:13:54,Ben,success,Berlin,PC,login,small
2025-07-19 06:51:28,Ben,success,Berlin,Handy,login,small
2025-07-19 08:55:02,Clara,fail,Berlin,PC,login,small
2025-07-20 08:26:04,David,success,Wien,PC,login,small
2025-07-18 00:36:18,David,success,Wien,Tablet,login,small
2025-07-17 22:09:22,David,success,Wien,PC,login,small
2025-07-18 22:23:53,Ben,fail,Berlin,PC,login,small
2025-07-18 20:39:51,Clara,fail,Berlin,PC,login,small
2025-07-18 22:38:24,Anna,fail,Wien,Handy,login,small
2025-07-18 10:54:24,David,fail,Wien,Tablet,login,small
2025-07-17 10:19:08,Anna,success,Wien,Tablet,login,small
2025-07-19 09:21:13,David,success,Wien,Handy,login,small
2025-07-20 02:04:46,David,success,Wien,Handy,login,small
2025-07-19 15:06:46,Eva,success,Wien,PC,login,small
2025-07-20 15:21:47,Anna,success,Wien,Handy,login,small
2025-07-18 06:07:57,Eva,fail,Wien,Handy,login,small
2025-07-17 15:57:33,Eva,success,Wien,Handy,login,small
2025-07-17 12:07:26,Clara,success,Berlin,Tablet,login,small
2025-07-19 05:06:08,David,fail,Wien,Handy,login,small
2025-07-18 22:24:28,Ben,success,Berlin,Handy,login,small
2025-07-19 17:01:04,Eva,fail,Wien,PC,login,small
2025-07-17 11:35:37,Ben,success,Berlin,PC,login,small
2025-07-18 22:30:59,David,success,Wien,PC,login,small
2025-07-18 07:34:24,Anna,success,Wien,Handy,login,small
2025-07-19 06:57:01,Eva,fail,Wien,Tablet,login,small
2025-07-19 20:08:10,Eva,fail,Wien,PC,login,small
2025-07-18 03:23:54,Eva,fail,Wien,Handy,login,small
2025-07-18 15:35:33,Eva,success,Wien,Tablet,login,small
2025-07-20 03:52:53,Ben,success,Berlin,Tablet,login,small
2025-07-19 01:57:23,Ben,success,Berlin,Handy,login,small
2025-07-18 03:59:45,Anna,success,Wien,PC,login,small
2025-07-20 09:46:27,David,success,Wien,Tablet,login,small
2025-07-19 14:07:12,Ben,fail,Berlin,Tablet,login,small
2025-07-20 12:20:55,Clara,fail,Berlin,PC,login,small
2025-07-18 10:37:43,Eva,success,Wien,Handy,login,small
2025-07-17 10:14:59,Eva,fail,Wien,Tablet,login,small
2025-07-17 20:24:50,Eva,success,Wien,Handy,login,small
2025-07-18 18:56:17,Eva,success,Wien,Tablet,login,small
2025-07-19 17:50:25,Clara,success,Berlin,Tablet,login,small
2025-07-17 11:14:30,Ben,fail,Berlin,PC,login,small
2025-07-17 10:20:09,Clara,fail,Berlin,PC,login,small
2025-07-17 16:25:34,Anna,success,Wien,PC,login,small
2025-07-20 09:09:07,Ben,success,Berlin,PC,login,small
2025-07-17 09:17:42,Anna,success,Wien,PC,login,small
2025-07-17 20:02:29,Eva,success,Wien,Tablet,login,small
2025-07-19 12:07:44,Clara,success,Berlin,Tablet,login,small
2025-07-17 11:21:52,Eva,success,Wien,Tablet,login,small
2025-07-17 23:00:48,Anna,success,Wien,Handy,login,small
2025-07-17 16:38:52,Clara,success,Berlin,Tablet,login,small
2025-07-19 21:54:55,David,success,Wien,Tablet,login,small
2025-07-19 14:52:08,David,success,Wien,Tablet,login,small
2025-07-19 16:42:31,Anna,fail,Wien,Handy,login,small
2025-07-20 03:38:51,Clara,success,Berlin,Handy,login,small
2025-07-20 04:59:21,Ben,fail,Berlin,Handy,login,small
2025-07-17 20:01:51,Ben,success,Berlin,Tablet,login,small
2025-07-20 15:54:22,Eva,fail,Wien,PC,login,small
2025-07-20 16:25:20,Eva,success,Wien,PC,login,small
2025-07-17 10:04:50,Eva,success,Wien,Tablet,login,small
2025-07-18 22:27:08,Ben,success,Berlin,PC,login,small
2025-07-20 15:45:01,Ben,fail,Berlin,Tablet,login,small
2025-07-18 13:39:10,Clara,fail,Berlin,Tablet,login,small
2025-07-20 03:10:13,Anna,fail,Wien,Handy,login,small
2025-07-17 11:37:15,Anna,success,Wien,PC,login,small
2025-07-18 07:47:54,Eva,success,Wien,PC,login,small
2025-07-18 15:15:40,Anna,success,Wien,PC,login,small
2025-07-19 08:51:52,Eva,fail,Wien,Handy,login,small
2025-07-19 19:31:17,David,success,Wien,PC,login,small
2025-07-18 22:33:50,Anna,success,Wien,Handy,login,small
2025-07-20 15:50:21,Anna,success,Wien,Handy,login,small
2025-07-18 10:46:27,Ben,success,Berlin,Handy,login,small
2025-07-18 00:26:31,Ben,success,Berlin,PC,login,small
2025-07-18 20:00:20,David,fail,Wien,PC,login,small
2025-07-18 04:33:10,Anna,success,Wien,Tablet,login,small
2025-07-19 16:37:15,Clara,fail,Berlin,Handy,login,small
2025-07-20 13:00:29,Eva,success,Wien,Tablet,login,small
2025-07-20 16:50:33,Ben,success,Berlin,PC,login,small
2025-07-19 05:32:39,Eva,fail,Wien,Tablet,login,small
2025-07-18 01:34:36,Anna,success,Wien,Tablet,login,small
2025-07-17 15:27:27,Eva,success,Wien,PC,login,small
2025-07-18 08:12:04,Eva,success,Wien,PC,login,small
2025-07-19 12:19:39,David,success,Wien,PC,login,small
2025-07-18 03:39:32,Anna,success,Wien,Tablet,login,small
2025-07-20 06:59:55,Ben,fail,Berlin,Handy,login,small
2025-07-19 03:58:17,Anna,success,Wien,Handy,login,small
2025-07-19 09:39:10,Ben,fail,Berlin,Handy,login,small
2025-07-17 18:39:14,Ben,success,Berlin,Handy,login,small
2025-07-19 01:01:58,David,success,Wien,Tablet,login,small
2025-07-18 03:31:30,Eva,success,Wien,Handy,login,small
2025-07-17 09:31:57,Eva,success,Wien,Handy,login,small
2025-07-20 12:30:36,Eva,fail,Wien,PC,login,small
2025-07-17 12:59:42,Clara,success,Berlin,Handy,login,small
2025-07-19 19:50:10,Anna,fail,Wien,PC,login,small
2025-07-17 22:27:27,Ben,success,Berlin,Tablet,login,small
2025-07-18 09:41:09,Ben,success,Berlin,PC,login,small
2025-07-19 22:38:17,Clara,fail,Berlin,PC,login,small
2025-07-19 19:05:41,Anna,success,Wien,Handy,login,small
2025-07-19 19:22:56,David,success,Wien,Handy,login,small
2025-07-18 22:21:48,Ben,success,Berlin,Handy,login,small
2025-07-20 05:48:56,David,fail,Wien,Tablet,login,small
2025-07-17 20:05:54,Clara,success,Berlin,Handy,login,small
2025-07-19 12:42:21,Clara,success,Berlin,Handy,login,small
2025-07-17 18:41:51,Ben,success,Berlin,PC,login,small
2025-07-20 09:52:59,Eva,success,Wien,PC,login,small
2025-07-17 17:55:54,Eva,success,Wien,Tablet,login,small
2025-07-18 17:01:34,Clara,fail,Berlin,Tablet,login,small
2025-07-18 08:53:01,Ben,fail,Berlin,Handy,login,small
2025-07-19 23:34:41,Ben,success,Berlin,Handy,login,small
2025-07-19 02:42:39,Ben,fail,Berlin,Tablet,login,small
2025-07-20 05:18:05,Clara,fail,Berlin,Tablet,login,small
2025-07-17 23:26:31,David,fail,Wien,Tablet,login,small
2025-07-19 13:54:31,David,success,Wien,PC,login,small
2025-07-18 17:52:04,David,success,Wien,PC,login,small
2025-07-19 07:27:11,David,success,Wien,Tablet,login,small
2025-07-19 21:49:18,Anna,success,Wien,Handy,login,small
2025-07-19 21:49:29,Anna,success,Wien,Tablet,login,small
2025-07-18 14:23:07,Clara,success,Berlin,Tablet,login,small
2025-07-18 01:25:01,Clara,success,Berlin,PC,login,small
2025-07-19 09:40:03,David,fail,Wien,PC,login,small
2025-07-20 15:21:40,Ben,fail,Berlin,Tablet,login,small
2025-07-19 20:10:46,Anna,success,Wien,Tablet,login,small
2025-07-18 03:23:23,Clara,fail,Berlin,Tablet,login,small
2025-07-19 06:37:11,Eva,fail,Wien,PC,login,small
2025-07-18 14:51:52,Ben,success,Berlin,Tablet,login,small
2025-07-19 17:57:21,Ben,success,Berlin,Handy,login,small
2025-07-20 09:24:29,Ben,success,Berlin,Handy,login,small
2025-07-17 12:50:07,Ben,success,Berlin,PC,login,small
2025-07-18 16:49:45,David,fail,Wien,Tablet,login,small
2025-07-18 16:20:56,David,success,Wien,PC,login,small
2025-07-18 16:49:08,Ben,success,Berlin,Handy,login,small
2025-07-18 06:29:33,Eva,fail,Wien,Handy,login,small
2025-07-18 05:25:23,Clara,success,Berlin,PC,login,small
2025-07-18 10:29:11,Ben,success,Berlin,Tablet,login,small
2025-07-17 21:53:47,Ben,fail,Berlin,Tablet,login,small
2025-07-18 09:04:32,Eva,success,Wien,PC,login,small
2025-07-20 02:15:36,Clara,success,Berlin,Handy,login,small
2025-07-18 01:21:11,David,success,Wien,Tablet,login,small
2025-07-19 20:29:36,Eva,success,Wien,PC,login,small
2025-07-19 00:27:18,Ben,success,Berlin,Handy,login,small
2025-07-17 09:06:44,David,success,Wien,Handy,login,small
2025-07-19 07:11:59,Ben,success,Berlin,Handy,login,small
2025-07-20 11:30:46,Anna,fail,Wien,Tablet,login,small
2025-07-19 21:36:04,Anna,success,Wien,PC,login,small
2025-07-19 00:43:46,David,success,Wien,Tablet,login,small
2025-07-17 20:06:26,Clara,success,Berlin,Handy,login,small
2025-07-20 06:41:15,David,success,Wien,Tablet,login,small
2025-07-19 15:35:13,David,success,Wien,Tablet,login,small
2025-07-17 11:35:48,Eva,fail,Wien,Tablet,login,small
2025-07-18 06:50:23,Ben,success,Berlin,Handy,login,small
2025-07-20 15:06:49,Ben,fail,Berlin,Handy,login,small
2025-07-18 19:51:41,Anna,success,Wien,PC,login,small
2025-07-18 09:00:16,Ben,success,Berlin,Tablet,login,small
2025-07-19 06:16:33,Eva,success,Wien,PC,login,small
2025-07-20 15:24:07,Ben,success,Berlin,Handy,login,small
2025-07-19 05:39:35,David,fail,Wien,PC,login,small
2025-07-19 02:37:29,Clara,success,Berlin,Tablet,login,small
2025-07-20 03:01:54,Eva,success,Wien,Handy,login,small
2025-07-18 10:32:02,Eva,success,Wien,PC,login,small
2025-07-18 11:27:37,Clara,fail,Berlin,Handy,login,small
2025-07-20 02:50:27,David,success,Wien,PC,login,small
2025-07-17 19:11:08,Eva,success,Wien,PC,login,small
2025-07-20 03:07:47,Anna,success,Wien,PC,login,small
2025-07-17 12:12:14,Eva,fail,Wien,Tablet,login,small
2025-07-19 00:30:02,David,success,Wien,PC,login,small
2025-07-20 16:28:23,Eva,success,Wien,PC,login,small
2025-07-18 01:29:39,Anna,success,Wien,Tablet,login,small
2025-07-19 12:33:45,David,success,Wien,PC,login,small
2025-07-19 18:02:42,Anna,success,Wien,PC,login,small
2025-07-18 03:15:25,Ben,success,Berlin,PC,login,small
2025-07-18 19:27:26,Clara,fail,Berlin,PC,login,small
2025-07-18 18:06:20,Eva,success,Wien,PC,login,small
2025-07-20 05:27:38,Clara,success,Berlin,PC,login,small
2025-07-19 21:06:26,Ben,success,Berlin,Handy,login,small
2025-07-19 18:23:12,Clara,success,Berlin,Tablet,login,small
2025-07-18 22:13:03,Ben,success,Berlin,Tablet,login,small
2025-07-20 03:37:13,David,fail,Wien,Handy,login,small
2025-07-18 21:46:54,David,success,Wien,Handy,login,small
2025-07-19 17:01:00,Ben,fail,Berlin,PC,login,small
2025-07-19 10:46:48,Anna,success,Wien,Handy,login,small
2025-07-20 14:32:43,Eva,fail,Wien,Handy,login,small
2025-07-19 05:23:38,Anna,success,Wien,PC,login,small
2025-07-18 06:32:55,Eva,success,Wien,Handy,login,small
2025-07-20 08:41:30,David,success,Wien,Handy,login,small
2025-07-19 03:28:26,Anna,fail,Wien,PC,login,small
2025-07-17 21:30:02,Anna,fail,Wien,Handy,login,small
2025-07-19 05:35:58,Clara,success,Berlin,Handy,login,small
2025-07-19 20:27:00,David,success,Wien,Handy,login,small
2025-07-20 07:12:44,Ben,fail,Berlin,Handy,login,small
2025-07-19 11:55:23,David,success,Wien,PC,login,small
2025-07-19 10:27:11,Anna,success,Wien,Tablet,login,small
2025-07-18 16:33:52,Ben,fail,Berlin,PC,login,small
2025-07-19 09:15:14,Eva,success,Wien,Handy,login,small
2025-07-18 01:26:03,David,success,Wien,Tablet,login,small
2025-07-20 06:33:16,Eva,fail,Wien,Handy,login,small
2025-07-19 12:13:22,David,success,Wien,Handy,login,small
2025-07-18 19:24:15,Clara,success,Berlin,Handy,login,small
2025-07-18 02:51:31,Ben,success,Berlin,Handy,login,small
2025-07-20 02:43:04,Clara,success,Berlin,PC,login,small
2025-07-18 19:00:09,Ben,success,Berlin,Handy,login,small
2025-07-18 19:26:59,Eva,success,Wien,PC,login,small
2025-07-17 23:15:56,Ben,success,Berlin,Handy,login,small
2025-07-18 21:31:24,Eva,fail,Wien,PC,login,small
2025-07-18 18:47:06,Clara,success,Berlin,PC,login,small